{
  "answers": {
    "phase": "design",
    "action": "data design",
    "scope": "uml class",
    "action experience": 2,
    "target": "n/a",
    "aimodel": "claude 3.7 sonnet",
    "tool option": "online free",
    "experience with tool": 2,
    "time allocated (h)": "1",
    "time saved estimate (h)": "0",
    "quality of ai help": 1,
    "knowledge acquired": 1,
    "generic feeling - now": 1,
    "generic feeling - future": 1,
    "threat level": 0,
    "notes": "Απογοητευτικά αποτελέσματα."
  }
}