-- Adminer 4.8.1 MySQL 5.5.5-10.8.3-MariaDB-1:10.8.3+maria~jammy dump

SET NAMES utf8;
SET time_zone = '+00:00';
SET foreign_key_checks = 0;
SET sql_mode = 'NO_AUTO_VALUE_ON_ZERO';

SET NAMES utf8mb4;

DROP TABLE IF EXISTS `examinations`;
CREATE TABLE `examinations` (
  `id` int(11) NOT NULL AUTO_INCREMENT,
  `teacher_id` int(11) NOT NULL,
  `course` varchar(255) NOT NULL,
  `semester` varchar(255) NOT NULL,
  PRIMARY KEY (`id`),
  KEY `teacher_id` (`teacher_id`),
  CONSTRAINT `examinations_ibfk_1` FOREIGN KEY (`teacher_id`) REFERENCES `teachers` (`id`)
) ENGINE=InnoDB DEFAULT CHARSET=utf8mb4;

INSERT INTO `examinations` (`id`, `teacher_id`, `course`, `semester`) VALUES
(1,	1,	'Μαθηματικά Ι',	'Χειμερινό 2024'),
(2,	1,	'Στατιστική',	'Εαρινό 2024'),
(3,	2,	'Προγραμματισμός',	'Χειμερινό 2024'),
(25,	1,	'ΤΕΧΝΟΛΟΓΙΑ ΛΟΓΙΣΜΙΚΟΥ   (3205)',	'2024-2025 ΧΕΙΜ 2024');

DROP TABLE IF EXISTS `grades`;
CREATE TABLE `grades` (
  `id` int(11) NOT NULL AUTO_INCREMENT,
  `student_id` int(11) NOT NULL,
  `examination_id` int(11) NOT NULL,
  `value` int(11) NOT NULL,
  `state` varchar(255) NOT NULL,
  PRIMARY KEY (`id`),
  KEY `examination_id` (`examination_id`),
  KEY `student_id` (`student_id`),
  CONSTRAINT `grades_ibfk_2` FOREIGN KEY (`examination_id`) REFERENCES `examinations` (`id`),
  CONSTRAINT `grades_ibfk_3` FOREIGN KEY (`student_id`) REFERENCES `students` (`id`)
) ENGINE=InnoDB DEFAULT CHARSET=utf8mb4;

INSERT INTO `grades` (`id`, `student_id`, `examination_id`, `value`, `state`) VALUES
(215,	1,	25,	6,	'Open'),
(216,	2,	25,	5,	'Open'),
(217,	3,	25,	5,	'Open'),
(218,	4,	25,	6,	'Open'),
(219,	5,	25,	7,	'Open'),
(220,	6,	25,	6,	'Open'),
(221,	7,	25,	6,	'Open'),
(222,	8,	25,	5,	'Open'),
(223,	9,	25,	6,	'Open'),
(224,	10,	25,	6,	'Open'),
(225,	11,	25,	5,	'Open'),
(226,	12,	25,	6,	'Open'),
(227,	13,	25,	6,	'Open'),
(228,	14,	25,	6,	'Open'),
(229,	15,	25,	6,	'Open'),
(230,	16,	25,	7,	'Open'),
(231,	17,	25,	5,	'Open'),
(232,	18,	25,	7,	'Open'),
(233,	19,	25,	6,	'Open'),
(234,	20,	25,	6,	'Open'),
(235,	21,	25,	6,	'Open'),
(236,	22,	25,	7,	'Open'),
(237,	23,	25,	6,	'Open'),
(238,	24,	25,	6,	'Open'),
(239,	25,	25,	6,	'Open'),
(240,	26,	25,	6,	'Open'),
(241,	27,	25,	6,	'Open'),
(242,	28,	25,	6,	'Open'),
(243,	29,	25,	7,	'Open'),
(244,	30,	25,	6,	'Open'),
(245,	31,	25,	5,	'Open'),
(246,	32,	25,	6,	'Open'),
(247,	33,	25,	6,	'Open'),
(248,	34,	25,	5,	'Open'),
(249,	35,	25,	6,	'Open'),
(250,	36,	25,	5,	'Open'),
(251,	37,	25,	6,	'Open'),
(252,	38,	25,	7,	'Open'),
(253,	39,	25,	6,	'Open'),
(254,	40,	25,	6,	'Open'),
(255,	41,	25,	5,	'Open'),
(256,	42,	25,	7,	'Open'),
(257,	43,	25,	5,	'Open'),
(258,	44,	25,	7,	'Open'),
(259,	45,	25,	6,	'Open'),
(260,	46,	25,	6,	'Open'),
(261,	47,	25,	5,	'Open'),
(262,	48,	25,	7,	'Open'),
(263,	49,	25,	7,	'Open'),
(264,	50,	25,	5,	'Open'),
(265,	51,	25,	6,	'Open'),
(266,	52,	25,	6,	'Open'),
(267,	53,	25,	6,	'Open'),
(268,	54,	25,	6,	'Open'),
(269,	55,	25,	5,	'Open'),
(270,	56,	25,	7,	'Open'),
(271,	57,	25,	6,	'Open'),
(272,	58,	25,	6,	'Open'),
(273,	59,	25,	5,	'Open'),
(274,	60,	25,	6,	'Open'),
(275,	61,	25,	5,	'Open'),
(276,	62,	25,	6,	'Open'),
(277,	63,	25,	6,	'Open'),
(278,	64,	25,	6,	'Open'),
(279,	65,	25,	5,	'Open'),
(280,	66,	25,	6,	'Open'),
(281,	67,	25,	6,	'Open'),
(282,	68,	25,	6,	'Open'),
(283,	69,	25,	6,	'Open'),
(284,	70,	25,	6,	'Open'),
(285,	71,	25,	6,	'Open'),
(286,	72,	25,	6,	'Open'),
(287,	73,	25,	7,	'Open'),
(288,	74,	25,	6,	'Open'),
(289,	75,	25,	6,	'Open'),
(290,	76,	25,	6,	'Open'),
(291,	77,	25,	6,	'Open'),
(292,	78,	25,	6,	'Open'),
(293,	79,	25,	6,	'Open'),
(294,	80,	25,	6,	'Open'),
(295,	81,	25,	5,	'Open'),
(296,	82,	25,	6,	'Open'),
(297,	83,	25,	6,	'Open'),
(298,	84,	25,	6,	'Open'),
(299,	85,	25,	7,	'Open'),
(300,	86,	25,	6,	'Open'),
(301,	87,	25,	6,	'Open'),
(302,	88,	25,	7,	'Open'),
(303,	89,	25,	5,	'Open'),
(304,	90,	25,	7,	'Open'),
(305,	91,	25,	5,	'Open'),
(306,	92,	25,	6,	'Open'),
(307,	93,	25,	5,	'Open'),
(308,	94,	25,	6,	'Open'),
(309,	95,	25,	5,	'Open'),
(310,	96,	25,	6,	'Open'),
(311,	97,	25,	6,	'Open'),
(312,	98,	25,	6,	'Open'),
(313,	99,	25,	6,	'Open'),
(314,	100,	25,	5,	'Open'),
(315,	101,	25,	6,	'Open');

DROP TABLE IF EXISTS `institutions`;
CREATE TABLE `institutions` (
  `id` int(11) NOT NULL AUTO_INCREMENT,
  `name` varchar(255) NOT NULL,
  `tokens` int(11) NOT NULL,
  PRIMARY KEY (`id`)
) ENGINE=InnoDB DEFAULT CHARSET=utf8mb4;

INSERT INTO `institutions` (`id`, `name`, `tokens`) VALUES
(1,	'Εθνικό Μετσόβιο Πολυτεχνείο',	300),
(2,	'Πανεπιστήμιο Αθηνών',	1000),
(3,	'Πολυτεχνείο Κρήτης',	800),
(4,	'ΤΕΙ Θεσσαλονίκης',	600);

DROP TABLE IF EXISTS `logs`;
CREATE TABLE `logs` (
  `id` int(11) NOT NULL AUTO_INCREMENT,
  `uid` varchar(255) NOT NULL,
  `instructor_id` int(11) NOT NULL,
  `action` varchar(50) NOT NULL,
  `message` text NOT NULL,
  `created_at` datetime NOT NULL DEFAULT current_timestamp(),
  PRIMARY KEY (`id`)
) ENGINE=InnoDB DEFAULT CHARSET=utf8mb4;

INSERT INTO `logs` (`id`, `uid`, `instructor_id`, `action`, `message`, `created_at`) VALUES
(1,	'11235254145434515435',	1,	'cancel',	'Upload with uid 11235254145434515435 has been canceled by instructor 1',	'2025-06-10 13:05:28'),
(2,	'b7ac6c52-edf0-45ba-b27b-98276b4a103c',	1,	'upload',	'Upload with uid b7ac6c52-edf0-45ba-b27b-98276b4a103c by instructor_id: 1',	'2025-06-10 13:12:47'),
(3,	'b7ac6c52-edf0-45ba-b27b-98276b4a103c',	1,	'cancel',	'Upload with uid b7ac6c52-edf0-45ba-b27b-98276b4a103c has been canceled by instructor: 1',	'2025-06-10 13:13:21');

DROP TABLE IF EXISTS `representatives`;
CREATE TABLE `representatives` (
  `id` int(11) NOT NULL AUTO_INCREMENT,
  `institution_id` int(11) NOT NULL,
  `name` varchar(255) NOT NULL,
  `surname` varchar(255) NOT NULL,
  PRIMARY KEY (`id`),
  KEY `institution_id` (`institution_id`),
  CONSTRAINT `representatives_ibfk_1` FOREIGN KEY (`institution_id`) REFERENCES `institutions` (`id`)
) ENGINE=InnoDB DEFAULT CHARSET=utf8mb4;

INSERT INTO `representatives` (`id`, `institution_id`, `name`, `surname`) VALUES
(10,	1,	'Γιάννης',	'Παπαδόπουλος'),
(11,	2,	'Μαρία',	'Γεωργίου'),
(12,	3,	'Νίκος',	'Κωνσταντίνου');

DROP TABLE IF EXISTS `reviews`;
CREATE TABLE `reviews` (
  `id` int(11) NOT NULL AUTO_INCREMENT,
  `grade_id` int(11) NOT NULL,
  `request_message` varchar(255) NOT NULL,
  `response_message` varchar(255) NOT NULL,
  `state` int(11) NOT NULL,
  PRIMARY KEY (`id`),
  KEY `grade_id` (`grade_id`),
  CONSTRAINT `reviews_ibfk_1` FOREIGN KEY (`grade_id`) REFERENCES `grades` (`id`)
) ENGINE=InnoDB DEFAULT CHARSET=utf8mb4;


DROP TABLE IF EXISTS `students`;
CREATE TABLE `students` (
  `id` int(11) NOT NULL AUTO_INCREMENT,
  `institution_id` int(11) NOT NULL,
  `name` varchar(255) NOT NULL,
  `surname` varchar(255) NOT NULL,
  `email` varchar(255) NOT NULL,
  `am` varchar(255) NOT NULL,
  PRIMARY KEY (`id`),
  KEY `institution_id` (`institution_id`),
  CONSTRAINT `students_ibfk_1` FOREIGN KEY (`institution_id`) REFERENCES `institutions` (`id`)
) ENGINE=InnoDB DEFAULT CHARSET=utf8mb4;

INSERT INTO `students` (`id`, `institution_id`, `name`, `surname`, `email`, `am`) VALUES
(1,	1,	'ΧΡΙΣΤΙΝΑ',	'ΝΙΚΟΛΑΪΔΗΣ',	'el84610@mail.ntua.gr',	'03184610'),
(2,	1,	'ΠΑΝΑΓΙΩΤΗΣ',	'ΑΛΕΞΑΝΔΡΟΥ',	'el84620@mail.ntua.gr',	'03184620'),
(3,	1,	'ΣΟΦΙΑ',	'ΒΑΣΙΛΕΙΟΥ',	'el84621@mail.ntua.gr',	'03184621'),
(4,	1,	'ΙΩΑΝΝΗΣ',	'ΛΑΜΠΡΟΠΟΥΛΟΣ',	'el84625@mail.ntua.gr',	'03184625'),
(5,	1,	'ΧΡΗΣΤΟΣ',	'ΔΗΜΗΤΡΙΟΥ',	'el70676@mail.ntua.gr',	'03170676'),
(6,	1,	'ΓΕΩΡΓΙΑ',	'ΣΠΥΡΙΔΩΝΟΣ',	'el84618@mail.ntua.gr',	'03184618'),
(7,	1,	'ΝΙΚΟΛΑΟΣ',	'ΚΑΡΑΜΑΝΟΣ',	'el80915@mail.ntua.gr',	'03180915'),
(8,	1,	'ΓΙΩΡΓΟΣ',	'ΒΑΣΙΛΕΙΟΥ',	'el68190@mail.ntua.gr',	'03168190'),
(9,	1,	'ΧΡΗΣΤΟΣ',	'ΝΙΚΟΛΑΪΔΗΣ',	'el81137@mail.ntua.gr',	'03181137'),
(10,	1,	'ΣΟΦΙΑ',	'ΑΛΕΞΑΝΔΡΟΥ',	'el81872@mail.ntua.gr',	'03181872'),
(11,	1,	'ΧΡΗΣΤΟΣ',	'ΚΑΡΑΓΙΑΝΝΗΣ',	'el81873@mail.ntua.gr',	'03181873'),
(12,	1,	'ΣΟΦΙΑ',	'ΑΛΕΞΑΝΔΡΟΥ',	'el80098@mail.ntua.gr',	'03180098'),
(13,	1,	'ΑΓΓΕΛΙΚΗ',	'ΒΑΣΙΛΕΙΟΥ',	'el80877@mail.ntua.gr',	'03180877'),
(14,	1,	'ΠΑΝΑΓΙΩΤΗΣ',	'ΠΑΠΑΔΟΠΟΥΛΟΣ',	'el81697@mail.ntua.gr',	'03181697'),
(15,	1,	'ΓΙΩΡΓΟΣ',	'ΔΗΜΗΤΡΙΟΥ',	'el78558@mail.ntua.gr',	'03178558'),
(16,	1,	'ΑΓΓΕΛΙΚΗ',	'ΝΙΚΟΛΑΪΔΗΣ',	'el81097@mail.ntua.gr',	'03181097'),
(17,	1,	'ΓΕΩΡΓΙΑ',	'ΘΕΟΔΩΡΟΥ',	'el80860@mail.ntua.gr',	'03180860'),
(18,	1,	'ΜΑΡΙΑ',	'ΣΤΑΥΡΙΑΝΟΣ',	'el75501@mail.ntua.gr',	'03175501'),
(19,	1,	'ΑΝΔΡΕΑΣ',	'ΣΤΑΥΡΙΑΝΟΣ',	'el80489@mail.ntua.gr',	'03180489'),
(20,	1,	'ΘΕΟΔΩΡΟΣ',	'ΓΕΩΡΓΙΑΔΗΣ',	'el81875@mail.ntua.gr',	'03181875'),
(21,	1,	'ΕΙΡΗΝΗ',	'ΠΑΠΑΔΟΠΟΥΛΟΣ',	'el80103@mail.ntua.gr',	'03180103'),
(22,	1,	'ΚΑΤΕΡΙΝΑ',	'ΝΙΚΟΛΑΪΔΗΣ',	'el79110@mail.ntua.gr',	'03179110'),
(23,	1,	'ΘΕΟΔΩΡΟΣ',	'ΠΑΠΑΓΕΩΡΓΙΟΥ',	'el81218@mail.ntua.gr',	'03181218'),
(24,	1,	'ΜΑΡΙΑ',	'ΚΑΡΑΓΙΑΝΝΗΣ',	'el81100@mail.ntua.gr',	'03181100'),
(25,	1,	'ΝΙΚΟΛΑΟΣ',	'ΑΝΑΣΤΑΣΙΟΥ',	'el81199@mail.ntua.gr',	'03181199'),
(26,	1,	'ΚΩΝΣΤΑΝΤΙΝΟΣ',	'ΑΝΑΣΤΑΣΙΟΥ',	'el81130@mail.ntua.gr',	'03181130'),
(27,	1,	'ΙΩΑΝΝΗΣ',	'ΠΑΠΑΔΟΠΟΥΛΟΣ',	'el80881@mail.ntua.gr',	'03180881'),
(28,	1,	'ΕΙΡΗΝΗ',	'ΚΑΡΑΓΙΑΝΝΗΣ',	'el81243@mail.ntua.gr',	'03181243'),
(29,	1,	'ΙΩΑΝΝΗΣ',	'ΠΑΠΑΓΕΩΡΓΙΟΥ',	'el81497@mail.ntua.gr',	'03181497'),
(30,	1,	'ΚΑΤΕΡΙΝΑ',	'ΠΑΠΑΝΙΚΟΛΑΟΥ',	'el81191@mail.ntua.gr',	'03181191'),
(31,	1,	'ΣΤΑΥΡΟΣ',	'ΑΛΕΞΑΝΔΡΟΥ',	'el81174@mail.ntua.gr',	'03181174'),
(32,	1,	'ΓΕΩΡΓΙΑ',	'ΠΑΠΑΔΟΠΟΥΛΟΣ',	'el76729@mail.ntua.gr',	'03176729'),
(33,	1,	'ΚΩΝΣΤΑΝΤΙΝΟΣ',	'ΠΑΠΑΝΙΚΟΛΑΟΥ',	'el80289@mail.ntua.gr',	'03180289'),
(34,	1,	'ΧΡΙΣΤΙΝΑ',	'ΓΕΩΡΓΙΑΔΗΣ',	'el80167@mail.ntua.gr',	'03180167'),
(35,	1,	'ΑΓΓΕΛΙΚΗ',	'ΠΑΝΑΓΙΩΤΙΔΗΣ',	'el67772@mail.ntua.gr',	'03167772'),
(36,	1,	'ΘΕΟΔΩΡΟΣ',	'ΠΑΝΑΓΙΩΤΙΔΗΣ',	'el69745@mail.ntua.gr',	'03169745'),
(37,	1,	'ΔΗΜΗΤΡΗΣ',	'ΑΝΑΣΤΑΣΙΟΥ',	'el81138@mail.ntua.gr',	'03181138'),
(38,	1,	'ΝΙΚΟΛΑΟΣ',	'ΚΩΝΣΤΑΝΤΙΝΙΔΗΣ',	'el80885@mail.ntua.gr',	'03180885'),
(39,	1,	'ΧΡΗΣΤΟΣ',	'ΓΕΩΡΓΙΑΔΗΣ',	'el81686@mail.ntua.gr',	'03181686'),
(40,	1,	'ΓΕΩΡΓΙΑ',	'ΣΤΑΥΡΙΑΝΟΣ',	'el79565@mail.ntua.gr',	'03179565'),
(41,	1,	'ΣΟΦΙΑ',	'ΧΑΤΖΗΝΙΚΟΛΑΟΥ',	'el64670@mail.ntua.gr',	'03164670'),
(42,	1,	'ΑΝΝΑ',	'ΚΑΡΑΓΙΑΝΝΗΣ',	'el81145@mail.ntua.gr',	'03181145'),
(43,	1,	'ΒΑΣΙΛΙΚΗ',	'ΚΩΝΣΤΑΝΤΙΝΙΔΗΣ',	'el80116@mail.ntua.gr',	'03180116'),
(44,	1,	'ΑΝΝΑ',	'ΧΑΤΖΗΝΙΚΟΛΑΟΥ',	'el81213@mail.ntua.gr',	'03181213'),
(45,	1,	'ΝΙΚΟΛΑΟΣ',	'ΑΝΑΣΤΑΣΙΟΥ',	'el76809@mail.ntua.gr',	'03176809'),
(46,	1,	'ΠΑΝΑΓΙΩΤΗΣ',	'ΝΙΚΟΛΑΪΔΗΣ',	'el72573@mail.ntua.gr',	'03172573'),
(47,	1,	'ΣΟΦΙΑ',	'ΚΩΝΣΤΑΝΤΙΝΙΔΗΣ',	'el81122@mail.ntua.gr',	'03181122'),
(48,	1,	'ΓΕΩΡΓΙΑ',	'ΑΝΑΣΤΑΣΙΟΥ',	'el79907@mail.ntua.gr',	'03179907'),
(49,	1,	'ΘΕΟΔΩΡΟΣ',	'ΧΑΤΖΗΝΙΚΟΛΑΟΥ',	'el80303@mail.ntua.gr',	'03180303'),
(50,	1,	'ΧΡΗΣΤΟΣ',	'ΓΕΩΡΓΙΑΔΗΣ',	'el70803@mail.ntua.gr',	'03170803'),
(51,	1,	'ΜΑΡΙΑ',	'ΠΑΠΑΝΙΚΟΛΑΟΥ',	'el81957@mail.ntua.gr',	'03181957'),
(52,	1,	'ΠΑΝΑΓΙΩΤΗΣ',	'ΑΝΑΣΤΑΣΙΟΥ',	'el81123@mail.ntua.gr',	'03181123'),
(53,	1,	'ΧΡΗΣΤΟΣ',	'ΘΕΟΔΩΡΟΥ',	'el61673@mail.ntua.gr',	'03161673'),
(54,	1,	'ΔΗΜΗΤΡΗΣ',	'ΧΑΤΖΗΝΙΚΟΛΑΟΥ',	'el80140@mail.ntua.gr',	'03180140'),
(55,	1,	'ΔΗΜΗΤΡΗΣ',	'ΚΩΝΣΤΑΝΤΙΝΙΔΗΣ',	'el81871@mail.ntua.gr',	'03181871'),
(56,	1,	'ΕΙΡΗΝΗ',	'ΠΑΠΑΝΙΚΟΛΑΟΥ',	'el80189@mail.ntua.gr',	'03180189'),
(57,	1,	'ΜΑΡΙΑ',	'ΛΑΜΠΡΟΠΟΥΛΟΣ',	'el81170@mail.ntua.gr',	'03181170'),
(58,	1,	'ΑΝΔΡΕΑΣ',	'ΚΑΡΑΓΙΑΝΝΗΣ',	'el81881@mail.ntua.gr',	'03181881'),
(59,	1,	'ΝΙΚΟΛΑΟΣ',	'ΚΩΝΣΤΑΝΤΙΝΙΔΗΣ',	'el81665@mail.ntua.gr',	'03181665'),
(60,	1,	'ΒΑΣΙΛΙΚΗ',	'ΧΑΤΖΗΝΙΚΟΛΑΟΥ',	'el81158@mail.ntua.gr',	'03181158'),
(61,	1,	'ΘΕΟΔΩΡΟΣ',	'ΛΑΜΠΡΟΠΟΥΛΟΣ',	'el79982@mail.ntua.gr',	'03179982'),
(62,	1,	'ΑΝΝΑ',	'ΔΗΜΗΤΡΙΟΥ',	'el81266@mail.ntua.gr',	'03181266'),
(63,	1,	'ΕΙΡΗΝΗ',	'ΑΝΑΣΤΑΣΙΟΥ',	'el80290@mail.ntua.gr',	'03180290'),
(64,	1,	'ΔΗΜΗΤΡΗΣ',	'ΚΑΡΑΜΑΝΟΣ',	'el81959@mail.ntua.gr',	'03181959'),
(65,	1,	'ΑΓΓΕΛΙΚΗ',	'ΑΝΑΣΤΑΣΙΟΥ',	'el81200@mail.ntua.gr',	'03181200'),
(66,	1,	'ΘΕΟΔΩΡΟΣ',	'ΚΩΝΣΤΑΝΤΙΝΙΔΗΣ',	'el81507@mail.ntua.gr',	'03181507'),
(67,	1,	'ΕΙΡΗΝΗ',	'ΑΝΔΡΕΟΥ',	'el79988@mail.ntua.gr',	'03179988'),
(68,	1,	'ΧΡΙΣΤΙΝΑ',	'ΚΑΡΑΜΑΝΟΣ',	'el69746@mail.ntua.gr',	'03169746'),
(69,	1,	'ΙΩΑΝΝΗΣ',	'ΚΑΡΑΓΙΑΝΝΗΣ',	'el78296@mail.ntua.gr',	'03178296'),
(70,	1,	'ΚΩΝΣΤΑΝΤΙΝΟΣ',	'ΠΑΠΑΝΙΚΟΛΑΟΥ',	'el81884@mail.ntua.gr',	'03181884'),
(71,	1,	'ΘΕΟΔΩΡΟΣ',	'ΑΝΑΣΤΑΣΙΟΥ',	'el79279@mail.ntua.gr',	'03179279'),
(72,	1,	'ΑΝΝΑ',	'ΧΑΤΖΗΝΙΚΟΛΑΟΥ',	'el79943@mail.ntua.gr',	'03179943'),
(73,	1,	'ΚΑΤΕΡΙΝΑ',	'ΘΕΟΔΩΡΟΥ',	'el81167@mail.ntua.gr',	'03181167'),
(74,	1,	'ΘΕΟΔΩΡΟΣ',	'ΠΑΠΑΓΕΩΡΓΙΟΥ',	'el81178@mail.ntua.gr',	'03181178'),
(75,	1,	'ΕΛΕΝΗ',	'ΘΕΟΔΩΡΟΥ',	'el80248@mail.ntua.gr',	'03180248'),
(76,	1,	'ΑΝΔΡΕΑΣ',	'ΣΤΑΥΡΙΑΝΟΣ',	'el79172@mail.ntua.gr',	'03179172'),
(77,	1,	'ΣΤΑΥΡΟΣ',	'ΑΝΔΡΕΟΥ',	'el80206@mail.ntua.gr',	'03180206'),
(78,	1,	'ΧΡΗΣΤΟΣ',	'ΓΕΩΡΓΙΑΔΗΣ',	'el81886@mail.ntua.gr',	'03181886'),
(79,	1,	'ΔΗΜΗΤΡΗΣ',	'ΣΠΥΡΙΔΩΝΟΣ',	'el77236@mail.ntua.gr',	'03177236'),
(80,	1,	'ΑΓΓΕΛΙΚΗ',	'ΧΑΤΖΗΝΙΚΟΛΑΟΥ',	'el81154@mail.ntua.gr',	'03181154'),
(81,	1,	'ΔΗΜΗΤΡΗΣ',	'ΠΑΠΑΔΟΠΟΥΛΟΣ',	'el81778@mail.ntua.gr',	'03181778'),
(82,	1,	'ΕΙΡΗΝΗ',	'ΣΠΥΡΙΔΩΝΟΣ',	'el81887@mail.ntua.gr',	'03181887'),
(83,	1,	'ΚΑΤΕΡΙΝΑ',	'ΧΑΤΖΗΝΙΚΟΛΑΟΥ',	'el80216@mail.ntua.gr',	'03180216'),
(84,	1,	'ΧΡΗΣΤΟΣ',	'ΑΝΑΣΤΑΣΙΟΥ',	'el81095@mail.ntua.gr',	'03181095'),
(85,	1,	'ΒΑΣΙΛΙΚΗ',	'ΠΑΠΑΓΕΩΡΓΙΟΥ',	'el81964@mail.ntua.gr',	'03181964'),
(86,	1,	'ΑΓΓΕΛΙΚΗ',	'ΑΛΕΞΑΝΔΡΟΥ',	'el81140@mail.ntua.gr',	'03181140'),
(87,	1,	'ΚΑΤΕΡΙΝΑ',	'ΚΑΡΑΜΑΝΟΣ',	'el80210@mail.ntua.gr',	'03180210'),
(88,	1,	'ΓΕΩΡΓΙΑ',	'ΔΗΜΗΤΡΙΟΥ',	'el80891@mail.ntua.gr',	'03180891'),
(89,	1,	'ΑΝΝΑ',	'ΔΗΜΗΤΡΙΟΥ',	'el81925@mail.ntua.gr',	'03181925'),
(90,	1,	'ΑΝΔΡΕΑΣ',	'ΓΕΩΡΓΙΑΔΗΣ',	'el78996@mail.ntua.gr',	'03178996'),
(91,	1,	'ΝΙΚΟΛΑΟΣ',	'ΝΙΚΟΛΑΪΔΗΣ',	'el81189@mail.ntua.gr',	'03181189'),
(92,	1,	'ΧΡΙΣΤΙΝΑ',	'ΠΑΠΑΔΟΠΟΥΛΟΣ',	'el81066@mail.ntua.gr',	'03181066'),
(93,	1,	'ΑΓΓΕΛΙΚΗ',	'ΒΑΣΙΛΕΙΟΥ',	'el79090@mail.ntua.gr',	'03179090'),
(94,	1,	'ΔΗΜΗΤΡΗΣ',	'ΣΤΑΥΡΙΑΝΟΣ',	'el80069@mail.ntua.gr',	'03180069'),
(95,	1,	'ΠΑΝΑΓΙΩΤΗΣ',	'ΔΗΜΗΤΡΙΟΥ',	'el80213@mail.ntua.gr',	'03180213'),
(96,	1,	'ΜΑΡΙΑ',	'ΚΩΝΣΤΑΝΤΙΝΙΔΗΣ',	'el80281@mail.ntua.gr',	'03180281'),
(97,	1,	'ΒΑΣΙΛΙΚΗ',	'ΒΑΣΙΛΕΙΟΥ',	'el81928@mail.ntua.gr',	'03181928'),
(98,	1,	'ΔΗΜΗΤΡΗΣ',	'ΒΑΣΙΛΕΙΟΥ',	'el81121@mail.ntua.gr',	'03181121'),
(99,	1,	'ΘΕΟΔΩΡΟΣ',	'ΠΑΝΑΓΙΩΤΙΔΗΣ',	'el81489@mail.ntua.gr',	'03181489'),
(100,	1,	'ΠΑΝΑΓΙΩΤΗΣ',	'ΑΝΔΡΕΟΥ',	'el81857@mail.ntua.gr',	'03181857'),
(101,	1,	'ΝΙΚΟΛΑΟΣ',	'ΧΑΤΖΗΝΙΚΟΛΑΟΥ',	'el81110@mail.ntua.gr',	'03181110');

DROP TABLE IF EXISTS `teachers`;
CREATE TABLE `teachers` (
  `id` int(11) NOT NULL AUTO_INCREMENT,
  `institution_id` int(11) NOT NULL,
  `name` varchar(255) NOT NULL,
  `surname` varchar(255) NOT NULL,
  `email` varchar(255) NOT NULL,
  PRIMARY KEY (`id`),
  KEY `institution_id` (`institution_id`),
  CONSTRAINT `teachers_ibfk_1` FOREIGN KEY (`institution_id`) REFERENCES `institutions` (`id`)
) ENGINE=InnoDB DEFAULT CHARSET=utf8mb4;

INSERT INTO `teachers` (`id`, `institution_id`, `name`, `surname`, `email`) VALUES
(1,	1,	'Δημήτρης',	'Αντωνίου',	'dimitris.antoniou@uoa.gr'),
(2,	1,	'Ελένη',	'Μιχαήλ',	'eleni.michail@uoa.gr'),
(3,	2,	'Κώστας',	'Βασιλείου',	'kostas.vasileiou@tuc.gr');

DROP TABLE IF EXISTS `uploads`;
CREATE TABLE `uploads` (
  `id` int(11) NOT NULL AUTO_INCREMENT,
  `uid` varchar(255) NOT NULL,
  `file` blob DEFAULT NULL,
  PRIMARY KEY (`id`)
) ENGINE=InnoDB DEFAULT CHARSET=utf8mb4;

INSERT INTO `uploads` (`id`, `uid`, `file`) VALUES
(3,	'afb2ed7c-b93b-4691-b631-3b4c08235fc3',	'PK\0\0\0\0\0!\0bh^\0\0\0\0\0[Content_Types].xml (\0\0\0\0\0\0\0\0\0\0\0\0\0\0\0\0\0\0\0\0\0\0\0\0\0\0\0\0\0\0\0\0\0\0\0\0\0\0\0\0\0\0\0\0\0\0\0\0\0\0\0\0\0\0\0\0\0\0\0\0\0\0\0\0\0\0\0\0\0\0\0\0\0\0\0\0\0\0\0\0\0\0\0\0\0\0\0\0\0\0\0\0\0\0\0\0\0\0\0\0\0\0\0\0\0\0\0\0\0\0\0\0\0\0\0\0\0\0\0\0\0\0\0\0\0\0\0\0\0\0\0\0\0\0\0\0\0\0\0\0\0\0\0\0\0\0\0\0\0\0\0\0\0\0\0\0\0\0\0\0\0\0\0\0\0\0\0\0\0\0\0\0\0\0\0\0\0\0\0\0\0\0\0\0\0\0\0\0\0\0\0\0\0\0\0\0\0\0\0\0\0\0\0\0\0\0\0\0\0\0\0\0\0\0\0\0\0\0\0\0\0\0\0\0\0\0\0\0\0\0\0\0\0\0\0\0\0\0\0\0\0\0\0\0\0\0\0\0\0\0\0\0\0\0\0\0\0\0\0\0\0\0\0\0\0\0\0\0\0\0\0\0\0\0\0\0\0\0\0\0\0\0\0\0\0\0\0\0\0\0\0\0\0\0\0\0\0\0\0\0\0\0\0\0\0\0\0\0\0\0\0\0\0\0\0\0\0\0\0\0\0\0\0\0\0\0\0\0\0\0\0\0\0\0\0\0\0\0\0\0\0\0\0\0\0\0\0\0\0\0\0\0\0\0\0\0\0\0\0\0\0\0\0\0\0\0\0\0\0\0\0\0\0\0\0\0\0\0\0\0\0\0\0\0\0\0\0\0\0\0\0\0\0\0\0\0\0\0\0\0\0\0\0\0\0\0\0\0\0\0\0\0\0\0\0\0\0\0\0\0\0\0\0\0\0\0\0\0\0\0\0\0\0\0\0\0\0\0\0\0\0\0\0\0\0\0\0\0\0\0\0\0\0\0\0\0\0\0\0\0\0\0\0\0\0\0\0\0\0\0\0\0\0\0\0\0\0\0\0\0\0\0\0\0\0\0\0\0\0\0\0\0\0\0\0\0\0\0\0\0\0\0\0\0\0\0\0\0\0\0\0\0\0N0EHC-Jܲ@5*Q>ēƪc[iiBj7{2hnmƻRU^7/%rZY@1__f\0qR4DAJ\Zh>VƹZ9NV8ʩji){^-I\"{v^P!XS)bRrKs(3`c07M4\ZZƐk+|\\|z(P6h_-[@!\0Pk2n}?L %ddN\"m,ǞDO97*~ɸ8Oc|nEB!$};{[2\0\0\0PK\0\0\0\0\0!\0U0#\0\0\0L\0\0\0_rels/.rels (\0\0\0\0\0\0\0\0\0\0\0\0\0\0\0\0\0\0\0\0\0\0\0\0\0\0\0\0\0\0\0\0\0\0\0\0\0\0\0\0\0\0\0\0\0\0\0\0\0\0\0\0\0\0\0\0\0\0\0\0\0\0\0\0\0\0\0\0\0\0\0\0\0\0\0\0\0\0\0\0\0\0\0\0\0\0\0\0\0\0\0\0\0\0\0\0\0\0\0\0\0\0\0\0\0\0\0\0\0\0\0\0\0\0\0\0\0\0\0\0\0\0\0\0\0\0\0\0\0\0\0\0\0\0\0\0\0\0\0\0\0\0\0\0\0\0\0\0\0\0\0\0\0\0\0\0\0\0\0\0\0\0\0\0\0\0\0\0\0\0\0\0\0\0\0\0\0\0\0\0\0\0\0\0\0\0\0\0\0\0\0\0\0\0\0\0\0\0\0\0\0\0\0\0\0\0\0\0\0\0\0\0\0\0\0\0\0\0\0\0\0\0\0\0\0\0\0\0\0\0\0\0\0\0\0\0\0\0\0\0\0\0\0\0\0\0\0\0\0\0\0\0\0\0\0\0\0\0\0\0\0\0\0\0\0\0\0\0\0\0\0\0\0\0\0\0\0\0\0\0\0\0\0\0\0\0\0\0\0\0\0\0\0\0\0\0\0\0\0\0\0\0\0\0\0\0\0\0\0\0\0\0\0\0\0\0\0\0\0\0\0\0\0\0\0\0\0\0\0\0\0\0\0\0\0\0\0\0\0\0\0\0\0\0\0\0\0\0\0\0\0\0\0\0\0\0\0\0\0\0\0\0\0\0\0\0\0\0\0\0\0\0\0\0\0\0\0\0\0\0\0\0\0\0\0\0\0\0\0\0\0\0\0\0\0\0\0\0\0\0\0\0\0\0\0\0\0\0\0\0\0\0\0\0\0\0\0\0\0\0\0\0\0\0\0\0\0\0\0\0\0\0\0\0\0\0\0\0\0\0\0\0\0\0\0\0\0\0\0\0\0\0\0\0\0\0\0\0\0\0\0\0\0\0\0\0\0\0\0\0\0\0\0\0\0\0\0\0\0\0\0\0\0\0\0\0\0\0\0\0\0\0\0\0\0\0\0\0\0\0\0\0\0\0\0\0\0\0\0\0\0\0\0MO0HݐBKwAH!T~I$ݿ\'T\ZG~<!4;#wqu*&rFqvGJy(v*K#FD.W\Z	=ZMYbBS7ϛז\r?9Lҙsbgٮ|l!\ZUSh9ibr:\"y_dlD|-NR\"42G%Z4˝y7	ëɂ\0\0\0PK\0\0\0\0\0!\0q\"\0\0\0\0\0\0\0xl/workbook.xmlU]o8}_iݵL R;L4r)l\0IRUFFğs=\\~ՕaB1\rd</eiHEVaSI.\\9_\0ȩY(ˬ`5e\r쬸x²`L	qM#ZyլQ{*,Vhuv\\MźkQ ˪T=iYppA+p{gyN\"IurT]fKR\0Ow!؝<$)uAV/Y ^+hޑm.We5h~Te\Z*K9)߲wk`\"6xv0r] ~jvі RL4T9oׯjǞn,?])|f}TF\'Hpox.a%y\'$ fExXR*ŭL7DL3ߏx!AJ0!Ywtʾ܌qGoob2N;U1?ٺa\"AW翐f=}ɶU8zj&ޕanmP檘h|*P|BJ<Dqs#4Ix=7th%q\\qXq[}2ZeP\rP }}jv	=zK$Fcױ܍%qy:7d_,*Rl\r_[ETϷd#o(\"ךE8y⥯d^Qcܿͨ|u@a/E3sxgw}4N4Yޜi{,>\Z7Qo._À>e\0\0\0PK\0\0\0\0\0!\0>\0\0\0\0\0\Z\0xl/_rels/workbook.xml.rels (\0\0\0\0\0\0\0\0\0\0\0\0\0\0\0\0\0\0\0\0\0\0\0\0\0\0\0\0\0\0\0\0\0\0\0\0\0\0\0\0\0\0\0\0\0\0\0\0\0\0\0\0\0\0\0\0\0\0\0\0\0\0\0\0\0\0\0\0\0\0\0\0\0\0\0\0\0\0\0\0\0\0\0\0\0\0\0\0\0\0\0\0\0\0\0\0\0\0\0\0\0\0\0\0\0\0\0\0\0\0\0\0\0\0\0\0\0\0\0\0\0\0\0\0\0\0\0\0\0\0\0\0\0\0\0\0\0\0\0\0\0\0\0\0\0\0\0\0\0\0\0\0\0\0\0\0\0\0\0\0\0\0\0\0\0\0\0\0\0\0\0\0\0\0\0\0\0\0\0\0\0\0\0\0\0\0\0\0\0\0\0\0\0\0\0\0\0\0\0\0\0\0\0\0\0\0\0\0\0\0\0\0\0\0\0\0\0\0\0\0\0\0\0\0\0\0\0\0\0\0\0\0\0\0\0\0\0\0\0\0\0\0\0\0\0\0\0\0\0\0\0\0\0\0\0\0\0RMK00wvt/\"Uɴ)&!3~*]XK/oyv5+zl;obGs>,8(%\"D҆4j0u2jsMY˴S쭂 )fCy	I<\ry\0!+EfMykK5=|t G)s墙UtB),f\0\0\0\0PK\0\0\0\0\0!\0X_\0\0\0\0\0\0\0xl/worksheets/sheet1.xmlێ0+,ߓ+`w۽n\"mتޱ!Jq3oeM^AhD3ߟ:%Ʋbj`@w`FY\0XU/@24ddo<4+\r\"YId{BoaLpxP|-{YobeZ$Õ\\!b*jawJQMk{gOWڦZ5ý{a/dH&L\Z^;*yJNsZTg\\dQ>J䱈:Y:Ecvltدh\r(.?%YFaOOs&M_nĔ)%_8s8/n$îRK{FaǸ̌[\n[b~{3nF£uɏWMDտDeT0c~S w\"7ce{\0qLpU#Gɶ>nȻ\0\\%S0I8*%|mmnz<+R<P/x)+R[itfbiqrjumx[^9Nq?<-N=KA?\0\0\0\0\0\0E_Evz\rY@fv^CP8?b$oNȭ6]1Ey{/_=>}oo߿^}_Nߦ9~_o\'/;|__5,KM?:ϖ-?#\'kdh&g	J`%ZL9\'1\'1#?q&C3\0͉\0͉ixo\"D~?`wi<\r`3u6癍xvg	$\"H-\r@͐m@c9\0A=DE@K	:h4g6j8	! A@<\\ŖK3Wr#܅9\0]%@Kd\0=\0f	.ϑ\0G  .Z\"O@aD0,F[C=2I8Nځ)nfv	[&;!2jO	A--P۠Q{On9@yL\0wCdom13%1y>{l4t\Zd/iHaPxAԒꨊhX^Y2i2~m1f0\'|Gй{QnPh\"àmu]yrWQs2|@5:BT^֭WQK%Hz|$=Hhg{Jz][**c=Iأ	lJz][*Jc=Iا	-lJz]Z{8QG9z`\'\\epc|l|i3z`z`\0\n@dTŘ7_V1P	P,@J3f>P*f\0\n2Y&9aP	3cfP	3o3KtθFgꌋt\"àf.̠f*f\0\n,@Ze(\\0s1fXo3a\0Kv	p20ʸ3k9b-fnfnf.2J;A򨊙7e(4sPh\"à+bQV1h	-@J13(f>xy(4sPhh\"CTo=1ff6n}{8&r=+	h#n\\fuv*f^yfn\0\n2pG%\\;ʛ֫~1X2e(4saP	3cfPzy[ojn!Ojnn!jrBt%\\\rw\"{B깅\"+s\"V	?W&V}{\nB\Z\"+Tt\"V	EW&V^GUEBw_-XP-X\\!Lt5lb\\=XXƿ7EVPeY%D]\rXyQ+pƹ\"+TuEV2M~z#+ڧvUsVa\\\nT-T\rY\r	0t7\ruwEVh*s,հUbˡb=P-Y[(BiW!bv5lbXN?TZ\"+vEV*DޮMPVf\nw-XᎵ\nĢ=-Y[(BoW!bv9lٚ+~PG-Y[(BoW!bv9ldXZ?T-Xᶻ+ܺP!bv9ld}ࢇ0w7EVUX%]\rv5C{Y\n<je\"*RUT4eǊ0BePl+TEV*m2J\rjlhQX+܁wP`*D[`԰Ub̱=}{nP,Y2Jh\Z6Jh=P,Y2X(BeP!bv5lb}0+\nBq,X~=\"V	mW&V^ph{+ڰgvY(e\"V	mW&V0Ǌ0Y2UTX%]\rX%ۏmadE0pdE lD B*jk`XVsBmݳP+ڻB*j*/XFV`ȊA(!	o_/mcTFV,\nATYac_}맊0BgP`E{,X&>\"V	oW&VS{X.>EV`\nTX%]\rX%Ȝ*\n,]B:\na+=U:b_3X(BgP!bv5lbXn?UWY(=wVB*j*MTFV,Y3Jx\Z6Jx=_n_nC+5lbS{Y3޿UpChʐ_=*pdpB9+y{%gHxk}6\\FVلb_\"R+1lZf6oad[,Y\"V!B*b*犷0,X޿\"+Q\"Ĭ.ͬ~x{#+\\Pdn\n]UŰչ=-Z(Bg!fv1lfs{Y3X(n[(\rbV	ofVs{XƛB_,Y|%]/-a3+Ȋ+hb%o櫄ې6JYyo<<WWgb[t%ҩbԌ*状0j0]љV)C	Ev1lf~h{+:B	W,Ql%BJeŨ	՚ٰK{QleV8[Y(JUŰU/kad_F}Ų8]Y0kt2WӴqaXeQ۷qP+,jWYT.}K{6Z(BPd+2\"Ĭ.ͬ~X{#+\\Pd+2pEFUŰUbRFV\"c\nWd,X^ʇ1j6JXb=p#Bn[(\"gHX(Dpİ*åb=j;hxJ9CBE!fXm_/m`E/l@ƛb_3v<a!bW^ma+yP`$\n}$\"Dʠ_a5W׊0\'I\"+|*B*b*׊0\'I\"+vbVv1lf~x{#+v8x0B|Jx6>%sx{+zP+zPd B*b{hnxu[y`\n,Y3Jx6Jx=},Y+bV	ofV	oV,YQ	h1*o,ɬWZFTx䣅B[]pB.3Jas[%VۯmadpB.3Jh6>38VzY|7c}__B\\3\'.Ұ/:Q᝸	[hCߧ#J멍Nk3:rIEf*%%$~\Z?Wb+ٍk\"3%F`0KlٽV|~NL;DWnzZR~Q),!jZ?XڽV~N#3<=\']Rٞ6`{5vo@w,{V\"3ԋ%_`|5v,fZ[:8tZpά;NA:˚-)Tgن@u*/a@u\nk:\")/f<=:osrnJmn̶|]oT|ݻ:sk:o3bsΰ{u_K3gu%߻{Oΰ݋o2u3gڔLa?dٽt#SguY_893a?7\ZdOs?M=y=SףҹNi~^:y=d\0jp~_~vf3gw(n+c3uSLL6Lz0#;03a?C2u;-.Qg=	SҜSҸMf<~v\'peٝN3gwrSΰݩF:Cp\'dٝ3gwRLΰ)*:	)ԇLN;\"SgԆLa?\r2uퟩ3gMLa?og}:Sgŉ:77o3u쾕3gLa?o3f}/Sg[p:~vTΰW2uv~}\'%Sg\Z:~~OypuJ\\ypuJ}\\ao篾5\Zۏu)]۫3g1Sgn_p~v2us7}s=Q\\~!Su3\ry{<י\'8鈛RQ?Oɔgܙ\ZtMi<~nf\\6|>o/]#h_ΰu\r/=f3/?a?JӲwh=y7Vz>8x*sOuDY|\r9SD]<ND]iSg{ý{Zz>؆[yzXNK:sSz>؆[6|>4^F{1|>xFͽ63_~7J#܇y}\')=l热|pN~.=lJASu˗oO>}\0\0\0\0\0\0DQ\n0Dl i/uݲYBoc3I+\\E;4ςP7`l;H7/q\\\nd\ni{8#SnOwVR\"$vfJ\"R\0\0\0PK\0\0\0\0\0!\0`A\0\0\"\0\0\0\0\0xl/theme/theme1.xmlZ͏@]{a9Ч7z]HI^p@R+\nKiKz(h1`#M<rFኊ@bw/3=7s\"$I\"ɌizO&JCRdOH[}r OzRA*g0~[pcbY|	zcV\r}Y1M<>Z,茠V(1M3&δjbI<&f]	RbX*ϫ޻[S{dKrc)(l׃~`j7j><iƥ3h4vcKҡ\nj694ao@3;aPo{~,e>7|l,8;t;ͦ\ZѰ.=ł\'j_c\0h Ê&HS3^DC*SJq%a@po,.Ik^Di>HMU{\0Z7߼xy/e2U!New_ɍeշzXj)^W_/_:\ZN%zcx@c\n?IL\"L-	nꑊ,\Z3Ol>e\\g׳Hu0-1υ\0\\%OV=Xq1p=*J]*h2($	QH	q<gZv=3%_(E}L&ЩH!/kApe㧨ϙ멇F²A~BexpR91+El-feH*0Fs\"K摀-9!t1[6R(zy9/#|8urIT~*!D1:?\nuSJ,w><WTe%Ol+Dleמ诖Vh%|`e!qlǪO2I5)J+dȒsx8اnTbtPxfe	iGt{OiKKw7Yc.t]$73k\"`&#WW)m(z\'늟,yjVK/^r~Sn-mnKٷoۂ涠q}a)Z=,(cgjȑ4	51iLniy` o\"B(0]̥U/%J6TrMi>c>ڝg&X~\ZO8TnAoCݰ]V놀	d6Dk3\Zs~Xt,ZU;\0j[{7רg#5\\)sƻ9\0]Ow4׽.7E8%+)doyt?p7upEOb\Z\n\ZN\"rKʙ%xC3v2N!x~l	/3%6%R\r2\'hoÁ%&d:tB~i붗bAf҈tv)>K_ۃ$_Ϣ%x!\Z@{wN%ök;SC\"cF8R<\reKmmP˟kR~֖+NiZiEolvbXezlsxD̢aQ{JOsݶo;Ħ4og|NW,;f	ܙ2=ƷS>_Lf&.JT,_uU9y5@VVYقzEk-nMkE[]mNunf˞ڤac)ڵ\"9;r/+WpVv^}6U굺_i7zJѨF@OEqȾ|i[?o ́ם|P57@o @+*aЬanzA=ش0?Ǎ\0\Z^64ۣ~8F|ss[uG\0\0\0\0PK\0\0\0\0\0!\0b D\0\0	\0\0\r\0\0\0xl/styles.xmlV[k0~?8K451h{Ul9Jtť:GwsI|H6\\g>FLj﷙7ƨTThe5>O?~kfŘE\0IZ))ԂhE.IABIT\"[W^eE-_pH҆.Pm!QL\Z7jّ<7֥=\\˒1	\0uHADy%Ґ.}8KlrV6 B0Sdxw*{4&id|I_%\\l;u̜\0`o`ђ\rtE\ZCuXfTڭoԅBimF5m\nh}]d;U\ZVZp}wJӥVToN΄q|ݔHe&u`hS-;Np};/EMyv\0&uhU+KWt!RI֩*J~G]L|ށSp̝Sb>4g)vOIِ{N>abͅ̢96lZ7ڧ``%]{{Lq|-!SF\"g.#g5s\rO:|}̯7țD\r/gy6Cwoa.Nkݑ9:mVv$Q{ሎhyYpveQ{ʙ 覷#M-Lp>C}-$	Ŀ8A V\0\0\0\0PK\0\0\0\0\0!\0\0\0P-\0\0\0\0\0xl/sharedStrings.xmlZmoUn\';3wL[L\rФbwk |JQ$A (/%s/̜Kٻ3ϙ6sYYξV?:`x~|?	l4^^X\\^;Fs77\Z3;w.Ǘ?vG/\rVGC_.vGFr7w,.\r;xS栻>\\j}hianv܍{qq+e^;7wꭸgYA/wŇY)2<_+&>DFzrcr5܋ɵɕO:xodr\r7ƗI|_/\'7Og evtDj{<Uv= >\"T_?*>17AF|[d쟏õO4}_=\\P6;׸Ay;	cp8{q5\'4yILh#dN93nN|\0>t6Dnk@A@d[&萵ǻTAҖEl\"L#}+\nFĸvD(y7Lg+><$d\\Y$l{Ii7D=I	>m!\nd&[dc	*9W{.C?MKĎ] $\\|mS0iʛH,ᨼy߫(=Estr9ڜB= *}{C NRw@eS֜E:l聩Ps0vE8:NRm]X-soC]{*j\nZLrTsIU\nAj(@QIBѹZ)I4!: YG2;NJV\"Ump@)ɥaNP{kCI\nsҟXT4!E V2P(3pkndT\\Rӓ%oJ@p;U#ӧsP2Ω;~j̧>=|$\'f\Zff,ԓ\\JlmZ06NWNYE\Z\rGIR#2!IAT[W\'K^yD)4eU	i0y%GSUgFjhG\r3&h{;g2VAix[hDʠ(9bUg\r$xeœ؃TsJ6(	gkm	-iF\\sR.~g2G-V[<[d/+:V-/*bdj+3@G\0i\\Tux*V@ңUOh(Z,@/Um+:֕R[u Yl*%r8\'ʺsePGLUO\r5Tmu-C~߳zZmx!s5NKKޒ6񦖫\0ffl-G{6zJԘɶ4ڒlt#y1^)\rK,捚n0n]&m00LIWٸ5J&Rԫ:m]S۪?IYJ<kc\"LH*W!ɝ+Òtp s:C\0A|v-(i\n4H`dTI#:oʡ8H86<Vz/8h/\\.w&d֩U)؋YP#^Q[!U^|m-!\06x!\n=\"Z\\[;ΣFԍ3Bͧqc`<DlckC`j Eұ|jҡe\"u%.Xv\0u__M*{*\0V=8,,=jƅ>+}q8s+rC,CR|!m?3⽭\"ǰ\'s^X[n[禷,vE\0۫TQeN-I\Z^\0\0\0PK\0\0\0\0\0!\0\ZQ\0\0\0\0\0docProps/core.xml (\0\0\0\0\0\0\0\0\0\0\0\0\0\0\0\0\0\0\0\0\0\0\0\0\0\0\0\0\0\0\0\0\0\0\0\0\0\0\0\0\0\0\0\0\0\0\0\0\0\0\0\0\0\0\0\0\0\0\0\0\0\0\0\0\0\0\0\0\0\0\0\0\0\0\0\0\0\0\0\0\0\0\0\0\0\0\0\0\0\0\0\0\0\0\0\0\0\0\0\0\0\0\0\0\0\0\0\0\0\0\0\0\0\0\0\0\0\0\0\0\0\0\0\0\0\0\0\0\0\0\0\0\0\0\0\0\0\0\0\0\0\0\0\0\0\0\0\0\0\0\0\0\0\0\0\0\0\0\0\0\0\0\0\0\0\0\0\0\0\0\0\0\0\0\0\0\0\0\0\0\0\0\0\0\0\0\0\0\0\0\0\0\0\0\0\0\0\0\0\0\0\0\0\0\0\0\0\0\0\0\0\0\0\0\0\0\0\0\0\0\0\0\0\0\0\0\0\0\0\0\0\0\0\0\0\0\0\0\0\0\0\0\0\0\0\0\0\0\0\0\0\0\0\0\0\0\0QO0MP`nN,Q\'8ifВNo\r131>s9Mg>*#QBMF^sJ<L	Vh9Y~}*+=GR*#[kR[(Ρ֦d}\r߱\r8\'6@GV{S\0)PH ^_Ze,=V)-x\'XuP.DO/mU_fWH\npj,Fo~\'=6Ԋ)XZ?9}9V\\zVF90\'&&	c)X!w_\0\0\0\0PK\0\0\0\0\0!\0^Y\0\0\0\0\0docProps/app.xml (\0\0\0\0\0\0\0\0\0\0\0\0\0\0\0\0\0\0\0\0\0\0\0\0\0\0\0\0\0\0\0\0\0\0\0\0\0\0\0\0\0\0\0\0\0\0\0\0\0\0\0\0\0\0\0\0\0\0\0\0\0\0\0\0\0\0\0\0\0\0\0\0\0\0\0\0\0\0\0\0\0\0\0\0\0\0\0\0\0\0\0\0\0\0\0\0\0\0\0\0\0\0\0\0\0\0\0\0\0\0\0\0\0\0\0\0\0\0\0\0\0\0\0\0\0\0\0\0\0\0\0\0\0\0\0\0\0\0\0\0\0\0\0\0\0\0\0\0\0\0\0\0\0\0\0\0\0\0\0\0\0\0\0\0\0\0\0\0\0\0\0\0\0\0\0\0\0\0\0\0\0\0\0\0\0\0\0\0\0\0\0\0\0\0\0\0\0\0\0\0\0\0\0\0\0\0\0\0\0\0\0\0\0\0\0\0\0\0\0\0\0\0\0\0\0\0\0\0\0\0\0\0\0\0\0\0\0\0\0\0\0\0\0\0\0\0\0\0\0\0\0\0\0\0\0\0\0Mo09mQbHWbvgNc$Ovڍ/^>+zLdrQ	J<.?|\r.xIOjB*2ǕdZs	i4}0ozWey+k/PL״fࣗ1f`ίO֤@	-:%29hޒ.jk:\r8B%?\naXl\"z^h8쯼+Q=$3 1v8!RȤdL1k籽Qs`09βCl ?sap4s7>9O{wy^TN>cdrɺ]wc8vQ^_g5%?Z\0\0\0PK-\0\0\0\0\0\0!\0bh^\0\0\0\0\0\0\0\0\0\0\0\0\0\0\0\0\0\0\0\0\0[Content_Types].xmlPK-\0\0\0\0\0\0!\0U0#\0\0\0L\0\0\0\0\0\0\0\0\0\0\0\0\0\0\0\0\0_rels/.relsPK-\0\0\0\0\0\0!\0q\"\0\0\0\0\0\0\0\0\0\0\0\0\0\0\0\0\0\0\0xl/workbook.xmlPK-\0\0\0\0\0\0!\0>\0\0\0\0\0\Z\0\0\0\0\0\0\0\0\0\0\0\0\0t\n\0\0xl/_rels/workbook.xml.relsPK-\0\0\0\0\0\0!\0X_\0\0\0\0\0\0\0\0\0\0\0\0\0\0\0\0\0\0\0xl/worksheets/sheet1.xmlPK-\0\0\0\0\0\0!\0`A\0\0\"\0\0\0\0\0\0\0\0\0\0\0\0\0\0\0<#\0\0xl/theme/theme1.xmlPK-\0\0\0\0\0\0!\0b D\0\0	\0\0\r\0\0\0\0\0\0\0\0\0\0\0\0\0%+\0\0xl/styles.xmlPK-\0\0\0\0\0\0!\0\0\0P-\0\0\0\0\0\0\0\0\0\0\0\0\0\0\0J.\0\0xl/sharedStrings.xmlPK-\0\0\0\0\0\0!\0\ZQ\0\0\0\0\0\0\0\0\0\0\0\0\0\0\0\0\06\0\0docProps/core.xmlPK-\0\0\0\0\0\0!\0^Y\0\0\0\0\0\0\0\0\0\0\0\0\0\0\0\0\08\0\0docProps/app.xmlPK\0\0\0\0\n\0\n\0\0\0g;\0\0\0\0'),
(5,	'77ca81f4-9b2b-4a00-8120-e70c03ecf09d',	'PK\0\0\0\0\0!\0bh^\0\0\0\0\0[Content_Types].xml (\0\0\0\0\0\0\0\0\0\0\0\0\0\0\0\0\0\0\0\0\0\0\0\0\0\0\0\0\0\0\0\0\0\0\0\0\0\0\0\0\0\0\0\0\0\0\0\0\0\0\0\0\0\0\0\0\0\0\0\0\0\0\0\0\0\0\0\0\0\0\0\0\0\0\0\0\0\0\0\0\0\0\0\0\0\0\0\0\0\0\0\0\0\0\0\0\0\0\0\0\0\0\0\0\0\0\0\0\0\0\0\0\0\0\0\0\0\0\0\0\0\0\0\0\0\0\0\0\0\0\0\0\0\0\0\0\0\0\0\0\0\0\0\0\0\0\0\0\0\0\0\0\0\0\0\0\0\0\0\0\0\0\0\0\0\0\0\0\0\0\0\0\0\0\0\0\0\0\0\0\0\0\0\0\0\0\0\0\0\0\0\0\0\0\0\0\0\0\0\0\0\0\0\0\0\0\0\0\0\0\0\0\0\0\0\0\0\0\0\0\0\0\0\0\0\0\0\0\0\0\0\0\0\0\0\0\0\0\0\0\0\0\0\0\0\0\0\0\0\0\0\0\0\0\0\0\0\0\0\0\0\0\0\0\0\0\0\0\0\0\0\0\0\0\0\0\0\0\0\0\0\0\0\0\0\0\0\0\0\0\0\0\0\0\0\0\0\0\0\0\0\0\0\0\0\0\0\0\0\0\0\0\0\0\0\0\0\0\0\0\0\0\0\0\0\0\0\0\0\0\0\0\0\0\0\0\0\0\0\0\0\0\0\0\0\0\0\0\0\0\0\0\0\0\0\0\0\0\0\0\0\0\0\0\0\0\0\0\0\0\0\0\0\0\0\0\0\0\0\0\0\0\0\0\0\0\0\0\0\0\0\0\0\0\0\0\0\0\0\0\0\0\0\0\0\0\0\0\0\0\0\0\0\0\0\0\0\0\0\0\0\0\0\0\0\0\0\0\0\0\0\0\0\0\0\0\0\0\0\0\0\0\0\0\0\0\0\0\0\0\0\0\0\0\0\0\0\0\0\0\0\0\0\0\0\0\0\0\0\0\0\0\0\0\0\0\0\0\0\0\0\0\0\0\0\0\0\0\0\0\0\0\0\0\0\0\0\0\0\0\0\0\0\0\0\0\0\0\0\0\0\0\0N0EHC-Jܲ@5*Q>ēƪc[iiBj7{2hnmƻRU^7/%rZY@1__f\0qR4DAJ\Zh>VƹZ9NV8ʩji){^-I\"{v^P!XS)bRrKs(3`c07M4\ZZƐk+|\\|z(P6h_-[@!\0Pk2n}?L %ddN\"m,ǞDO97*~ɸ8Oc|nEB!$};{[2\0\0\0PK\0\0\0\0\0!\0U0#\0\0\0L\0\0\0_rels/.rels (\0\0\0\0\0\0\0\0\0\0\0\0\0\0\0\0\0\0\0\0\0\0\0\0\0\0\0\0\0\0\0\0\0\0\0\0\0\0\0\0\0\0\0\0\0\0\0\0\0\0\0\0\0\0\0\0\0\0\0\0\0\0\0\0\0\0\0\0\0\0\0\0\0\0\0\0\0\0\0\0\0\0\0\0\0\0\0\0\0\0\0\0\0\0\0\0\0\0\0\0\0\0\0\0\0\0\0\0\0\0\0\0\0\0\0\0\0\0\0\0\0\0\0\0\0\0\0\0\0\0\0\0\0\0\0\0\0\0\0\0\0\0\0\0\0\0\0\0\0\0\0\0\0\0\0\0\0\0\0\0\0\0\0\0\0\0\0\0\0\0\0\0\0\0\0\0\0\0\0\0\0\0\0\0\0\0\0\0\0\0\0\0\0\0\0\0\0\0\0\0\0\0\0\0\0\0\0\0\0\0\0\0\0\0\0\0\0\0\0\0\0\0\0\0\0\0\0\0\0\0\0\0\0\0\0\0\0\0\0\0\0\0\0\0\0\0\0\0\0\0\0\0\0\0\0\0\0\0\0\0\0\0\0\0\0\0\0\0\0\0\0\0\0\0\0\0\0\0\0\0\0\0\0\0\0\0\0\0\0\0\0\0\0\0\0\0\0\0\0\0\0\0\0\0\0\0\0\0\0\0\0\0\0\0\0\0\0\0\0\0\0\0\0\0\0\0\0\0\0\0\0\0\0\0\0\0\0\0\0\0\0\0\0\0\0\0\0\0\0\0\0\0\0\0\0\0\0\0\0\0\0\0\0\0\0\0\0\0\0\0\0\0\0\0\0\0\0\0\0\0\0\0\0\0\0\0\0\0\0\0\0\0\0\0\0\0\0\0\0\0\0\0\0\0\0\0\0\0\0\0\0\0\0\0\0\0\0\0\0\0\0\0\0\0\0\0\0\0\0\0\0\0\0\0\0\0\0\0\0\0\0\0\0\0\0\0\0\0\0\0\0\0\0\0\0\0\0\0\0\0\0\0\0\0\0\0\0\0\0\0\0\0\0\0\0\0\0\0\0\0\0\0\0\0\0\0\0\0\0\0\0\0\0\0\0\0\0\0\0\0\0\0\0\0\0\0\0\0\0\0\0\0\0MO0HݐBKwAH!T~I$ݿ\'T\ZG~<!4;#wqu*&rFqvGJy(v*K#FD.W\Z	=ZMYbBS7ϛז\r?9Lҙsbgٮ|l!\ZUSh9ibr:\"y_dlD|-NR\"42G%Z4˝y7	ëɂ\0\0\0PK\0\0\0\0\0!\0q\"\0\0\0\0\0\0\0xl/workbook.xmlU]o8}_iݵL R;L4r)l\0IRUFFğs=\\~ՕaB1\rd</eiHEVaSI.\\9_\0ȩY(ˬ`5e\r쬸x²`L	qM#ZyլQ{*,Vhuv\\MźkQ ˪T=iYppA+p{gyN\"IurT]fKR\0Ow!؝<$)uAV/Y ^+hޑm.We5h~Te\Z*K9)߲wk`\"6xv0r] ~jvі RL4T9oׯjǞn,?])|f}TF\'Hpox.a%y\'$ fExXR*ŭL7DL3ߏx!AJ0!Ywtʾ܌qGoob2N;U1?ٺa\"AW翐f=}ɶU8zj&ޕanmP檘h|*P|BJ<Dqs#4Ix=7th%q\\qXq[}2ZeP\rP }}jv	=zK$Fcױ܍%qy:7d_,*Rl\r_[ETϷd#o(\"ךE8y⥯d^Qcܿͨ|u@a/E3sxgw}4N4Yޜi{,>\Z7Qo._À>e\0\0\0PK\0\0\0\0\0!\0>\0\0\0\0\0\Z\0xl/_rels/workbook.xml.rels (\0\0\0\0\0\0\0\0\0\0\0\0\0\0\0\0\0\0\0\0\0\0\0\0\0\0\0\0\0\0\0\0\0\0\0\0\0\0\0\0\0\0\0\0\0\0\0\0\0\0\0\0\0\0\0\0\0\0\0\0\0\0\0\0\0\0\0\0\0\0\0\0\0\0\0\0\0\0\0\0\0\0\0\0\0\0\0\0\0\0\0\0\0\0\0\0\0\0\0\0\0\0\0\0\0\0\0\0\0\0\0\0\0\0\0\0\0\0\0\0\0\0\0\0\0\0\0\0\0\0\0\0\0\0\0\0\0\0\0\0\0\0\0\0\0\0\0\0\0\0\0\0\0\0\0\0\0\0\0\0\0\0\0\0\0\0\0\0\0\0\0\0\0\0\0\0\0\0\0\0\0\0\0\0\0\0\0\0\0\0\0\0\0\0\0\0\0\0\0\0\0\0\0\0\0\0\0\0\0\0\0\0\0\0\0\0\0\0\0\0\0\0\0\0\0\0\0\0\0\0\0\0\0\0\0\0\0\0\0\0\0\0\0\0\0\0\0\0\0\0\0\0\0\0\0\0\0RMK00wvt/\"Uɴ)&!3~*]XK/oyv5+zl;obGs>,8(%\"D҆4j0u2jsMY˴S쭂 )fCy	I<\ry\0!+EfMykK5=|t G)s墙UtB),f\0\0\0\0PK\0\0\0\0\0!\0X_\0\0\0\0\0\0\0xl/worksheets/sheet1.xmlێ0+,ߓ+`w۽n\"mتޱ!Jq3oeM^AhD3ߟ:%Ʋbj`@w`FY\0XU/@24ddo<4+\r\"YId{BoaLpxP|-{YobeZ$Õ\\!b*jawJQMk{gOWڦZ5ý{a/dH&L\Z^;*yJNsZTg\\dQ>J䱈:Y:Ecvltدh\r(.?%YFaOOs&M_nĔ)%_8s8/n$îRK{FaǸ̌[\n[b~{3nF£uɏWMDտDeT0c~S w\"7ce{\0qLpU#Gɶ>nȻ\0\\%S0I8*%|mmnz<+R<P/x)+R[itfbiqrjumx[^9Nq?<-N=KA?\0\0\0\0\0\0E_Evz\rY@fv^CP8?b$oNȭ6]1Ey{/_=>}oo߿^}_Nߦ9~_o\'/;|__5,KM?:ϖ-?#\'kdh&g	J`%ZL9\'1\'1#?q&C3\0͉\0͉ixo\"D~?`wi<\r`3u6癍xvg	$\"H-\r@͐m@c9\0A=DE@K	:h4g6j8	! A@<\\ŖK3Wr#܅9\0]%@Kd\0=\0f	.ϑ\0G  .Z\"O@aD0,F[C=2I8Nځ)nfv	[&;!2jO	A--P۠Q{On9@yL\0wCdom13%1y>{l4t\Zd/iHaPxAԒꨊhX^Y2i2~m1f0\'|Gй{QnPh\"àmu]yrWQs2|@5:BT^֭WQK%Hz|$=Hhg{Jz][**c=Iأ	lJz][*Jc=Iا	-lJz]Z{8QG9z`\'\\epc|l|i3z`z`\0\n@dTŘ7_V1P	P,@J3f>P*f\0\n2Y&9aP	3cfP	3o3KtθFgꌋt\"àf.̠f*f\0\n,@Ze(\\0s1fXo3a\0Kv	p20ʸ3k9b-fnfnf.2J;A򨊙7e(4sPh\"à+bQV1h	-@J13(f>xy(4sPhh\"CTo=1ff6n}{8&r=+	h#n\\fuv*f^yfn\0\n2pG%\\;ʛ֫~1X2e(4saP	3cfPzy[ojn!Ojnn!jrBt%\\\rw\"{B깅\"+s\"V	?W&V}{\nB\Z\"+Tt\"V	EW&V^GUEBw_-XP-X\\!Lt5lb\\=XXƿ7EVPeY%D]\rXyQ+pƹ\"+TuEV2M~z#+ڧvUsVa\\\nT-T\rY\r	0t7\ruwEVh*s,հUbˡb=P-Y[(BiW!bv5lbXN?TZ\"+vEV*DޮMPVf\nw-XᎵ\nĢ=-Y[(BoW!bv9lٚ+~PG-Y[(BoW!bv9ldXZ?T-Xᶻ+ܺP!bv9ld}ࢇ0w7EVUX%]\rv5C{Y\n<je\"*RUT4eǊ0BePl+TEV*m2J\rjlhQX+܁wP`*D[`԰Ub̱=}{nP,Y2Jh\Z6Jh=P,Y2X(BeP!bv5lb}0+\nBq,X~=\"V	mW&V^ph{+ڰgvY(e\"V	mW&V0Ǌ0Y2UTX%]\rX%ۏmadE0pdE lD B*jk`XVsBmݳP+ڻB*j*/XFV`ȊA(!	o_/mcTFV,\nATYac_}맊0BgP`E{,X&>\"V	oW&VS{X.>EV`\nTX%]\rX%Ȝ*\n,]B:\na+=U:b_3X(BgP!bv5lbXn?UWY(=wVB*j*MTFV,Y3Jx\Z6Jx=_n_nC+5lbS{Y3޿UpChʐ_=*pdpB9+y{%gHxk}6\\FVلb_\"R+1lZf6oad[,Y\"V!B*b*犷0,X޿\"+Q\"Ĭ.ͬ~x{#+\\Pdn\n]UŰչ=-Z(Bg!fv1lfs{Y3X(n[(\rbV	ofVs{XƛB_,Y|%]/-a3+Ȋ+hb%o櫄ې6JYyo<<WWgb[t%ҩbԌ*状0j0]љV)C	Ev1lf~h{+:B	W,Ql%BJeŨ	՚ٰK{QleV8[Y(JUŰU/kad_F}Ų8]Y0kt2WӴqaXeQ۷qP+,jWYT.}K{6Z(BPd+2\"Ĭ.ͬ~X{#+\\Pd+2pEFUŰUbRFV\"c\nWd,X^ʇ1j6JXb=p#Bn[(\"gHX(Dpİ*åb=j;hxJ9CBE!fXm_/m`E/l@ƛb_3v<a!bW^ma+yP`$\n}$\"Dʠ_a5W׊0\'I\"+|*B*b*׊0\'I\"+vbVv1lf~x{#+v8x0B|Jx6>%sx{+zP+zPd B*b{hnxu[y`\n,Y3Jx6Jx=},Y+bV	ofV	oV,YQ	h1*o,ɬWZFTx䣅B[]pB.3Jas[%VۯmadpB.3Jh6>38VzY|7c}__B\\3\'.Ұ/:Q᝸	[hCߧ#J멍Nk3:rIEf*%%$~\Z?Wb+ٍk\"3%F`0KlٽV|~NL;DWnzZR~Q),!jZ?XڽV~N#3<=\']Rٞ6`{5vo@w,{V\"3ԋ%_`|5v,fZ[:8tZpά;NA:˚-)Tgن@u*/a@u\nk:\")/f<=:osrnJmn̶|]oT|ݻ:sk:o3bsΰ{u_K3gu%߻{Oΰ݋o2u3gڔLa?dٽt#SguY_893a?7\ZdOs?M=y=SףҹNi~^:y=d\0jp~_~vf3gw(n+c3uSLL6Lz0#;03a?C2u;-.Qg=	SҜSҸMf<~v\'peٝN3gwrSΰݩF:Cp\'dٝ3gwRLΰ)*:	)ԇLN;\"SgԆLa?\r2uퟩ3gMLa?og}:Sgŉ:77o3u쾕3gLa?o3f}/Sg[p:~vTΰW2uv~}\'%Sg\Z:~~OypuJ\\ypuJ}\\ao篾5\Zۏu)]۫3g1Sgn_p~v2us7}s=Q\\~!Su3\ry{<י\'8鈛RQ?Oɔgܙ\ZtMi<~nf\\6|>o/]#h_ΰu\r/=f3/?a?JӲwh=y7Vz>8x*sOuDY|\r9SD]<ND]iSg{ý{Zz>؆[yzXNK:sSz>؆[6|>4^F{1|>xFͽ63_~7J#܇y}\')=l热|pN~.=lJASu˗oO>}\0\0\0\0\0\0DQ\n0Dl i/uݲYBoc3I+\\E;4ςP7`l;H7/q\\\nd\ni{8#SnOwVR\"$vfJ\"R\0\0\0PK\0\0\0\0\0!\0`A\0\0\"\0\0\0\0\0xl/theme/theme1.xmlZ͏@]{a9Ч7z]HI^p@R+\nKiKz(h1`#M<rFኊ@bw/3=7s\"$I\"ɌizO&JCRdOH[}r OzRA*g0~[pcbY|	zcV\r}Y1M<>Z,茠V(1M3&δjbI<&f]	RbX*ϫ޻[S{dKrc)(l׃~`j7j><iƥ3h4vcKҡ\nj694ao@3;aPo{~,e>7|l,8;t;ͦ\ZѰ.=ł\'j_c\0h Ê&HS3^DC*SJq%a@po,.Ik^Di>HMU{\0Z7߼xy/e2U!New_ɍeշzXj)^W_/_:\ZN%zcx@c\n?IL\"L-	nꑊ,\Z3Ol>e\\g׳Hu0-1υ\0\\%OV=Xq1p=*J]*h2($	QH	q<gZv=3%_(E}L&ЩH!/kApe㧨ϙ멇F²A~BexpR91+El-feH*0Fs\"K摀-9!t1[6R(zy9/#|8urIT~*!D1:?\nuSJ,w><WTe%Ol+Dleמ诖Vh%|`e!qlǪO2I5)J+dȒsx8اnTbtPxfe	iGt{OiKKw7Yc.t]$73k\"`&#WW)m(z\'늟,yjVK/^r~Sn-mnKٷoۂ涠q}a)Z=,(cgjȑ4	51iLniy` o\"B(0]̥U/%J6TrMi>c>ڝg&X~\ZO8TnAoCݰ]V놀	d6Dk3\Zs~Xt,ZU;\0j[{7רg#5\\)sƻ9\0]Ow4׽.7E8%+)doyt?p7upEOb\Z\n\ZN\"rKʙ%xC3v2N!x~l	/3%6%R\r2\'hoÁ%&d:tB~i붗bAf҈tv)>K_ۃ$_Ϣ%x!\Z@{wN%ök;SC\"cF8R<\reKmmP˟kR~֖+NiZiEolvbXezlsxD̢aQ{JOsݶo;Ħ4og|NW,;f	ܙ2=ƷS>_Lf&.JT,_uU9y5@VVYقzEk-nMkE[]mNunf˞ڤac)ڵ\"9;r/+WpVv^}6U굺_i7zJѨF@OEqȾ|i[?o ́ם|P57@o @+*aЬanzA=ش0?Ǎ\0\Z^64ۣ~8F|ss[uG\0\0\0\0PK\0\0\0\0\0!\0b D\0\0	\0\0\r\0\0\0xl/styles.xmlV[k0~?8K451h{Ul9Jtť:GwsI|H6\\g>FLj﷙7ƨTThe5>O?~kfŘE\0IZ))ԂhE.IABIT\"[W^eE-_pH҆.Pm!QL\Z7jّ<7֥=\\˒1	\0uHADy%Ґ.}8KlrV6 B0Sdxw*{4&id|I_%\\l;u̜\0`o`ђ\rtE\ZCuXfTڭoԅBimF5m\nh}]d;U\ZVZp}wJӥVToN΄q|ݔHe&u`hS-;Np};/EMyv\0&uhU+KWt!RI֩*J~G]L|ށSp̝Sb>4g)vOIِ{N>abͅ̢96lZ7ڧ``%]{{Lq|-!SF\"g.#g5s\rO:|}̯7țD\r/gy6Cwoa.Nkݑ9:mVv$Q{ሎhyYpveQ{ʙ 覷#M-Lp>C}-$	Ŀ8A V\0\0\0\0PK\0\0\0\0\0!\0\0\0P-\0\0\0\0\0xl/sharedStrings.xmlZmoUn\';3wL[L\rФbwk |JQ$A (/%s/̜Kٻ3ϙ6sYYξV?:`x~|?	l4^^X\\^;Fs77\Z3;w.Ǘ?vG/\rVGC_.vGFr7w,.\r;xS栻>\\j}hianv܍{qq+e^;7wꭸgYA/wŇY)2<_+&>DFzrcr5܋ɵɕO:xodr\r7ƗI|_/\'7Og evtDj{<Uv= >\"T_?*>17AF|[d쟏õO4}_=\\P6;׸Ay;	cp8{q5\'4yILh#dN93nN|\0>t6Dnk@A@d[&萵ǻTAҖEl\"L#}+\nFĸvD(y7Lg+><$d\\Y$l{Ii7D=I	>m!\nd&[dc	*9W{.C?MKĎ] $\\|mS0iʛH,ᨼy߫(=Estr9ڜB= *}{C NRw@eS֜E:l聩Ps0vE8:NRm]X-soC]{*j\nZLrTsIU\nAj(@QIBѹZ)I4!: YG2;NJV\"Ump@)ɥaNP{kCI\nsҟXT4!E V2P(3pkndT\\Rӓ%oJ@p;U#ӧsP2Ω;~j̧>=|$\'f\Zff,ԓ\\JlmZ06NWNYE\Z\rGIR#2!IAT[W\'K^yD)4eU	i0y%GSUgFjhG\r3&h{;g2VAix[hDʠ(9bUg\r$xeœ؃TsJ6(	gkm	-iF\\sR.~g2G-V[<[d/+:V-/*bdj+3@G\0i\\Tux*V@ңUOh(Z,@/Um+:֕R[u Yl*%r8\'ʺsePGLUO\r5Tmu-C~߳zZmx!s5NKKޒ6񦖫\0ffl-G{6zJԘɶ4ڒlt#y1^)\rK,捚n0n]&m00LIWٸ5J&Rԫ:m]S۪?IYJ<kc\"LH*W!ɝ+Òtp s:C\0A|v-(i\n4H`dTI#:oʡ8H86<Vz/8h/\\.w&d֩U)؋YP#^Q[!U^|m-!\06x!\n=\"Z\\[;ΣFԍ3Bͧqc`<DlckC`j Eұ|jҡe\"u%.Xv\0u__M*{*\0V=8,,=jƅ>+}q8s+rC,CR|!m?3⽭\"ǰ\'s^X[n[禷,vE\0۫TQeN-I\Z^\0\0\0PK\0\0\0\0\0!\0\ZQ\0\0\0\0\0docProps/core.xml (\0\0\0\0\0\0\0\0\0\0\0\0\0\0\0\0\0\0\0\0\0\0\0\0\0\0\0\0\0\0\0\0\0\0\0\0\0\0\0\0\0\0\0\0\0\0\0\0\0\0\0\0\0\0\0\0\0\0\0\0\0\0\0\0\0\0\0\0\0\0\0\0\0\0\0\0\0\0\0\0\0\0\0\0\0\0\0\0\0\0\0\0\0\0\0\0\0\0\0\0\0\0\0\0\0\0\0\0\0\0\0\0\0\0\0\0\0\0\0\0\0\0\0\0\0\0\0\0\0\0\0\0\0\0\0\0\0\0\0\0\0\0\0\0\0\0\0\0\0\0\0\0\0\0\0\0\0\0\0\0\0\0\0\0\0\0\0\0\0\0\0\0\0\0\0\0\0\0\0\0\0\0\0\0\0\0\0\0\0\0\0\0\0\0\0\0\0\0\0\0\0\0\0\0\0\0\0\0\0\0\0\0\0\0\0\0\0\0\0\0\0\0\0\0\0\0\0\0\0\0\0\0\0\0\0\0\0\0\0\0\0\0\0\0\0\0\0\0\0\0\0\0\0\0\0\0\0QO0MP`nN,Q\'8ifВNo\r131>s9Mg>*#QBMF^sJ<L	Vh9Y~}*+=GR*#[kR[(Ρ֦d}\r߱\r8\'6@GV{S\0)PH ^_Ze,=V)-x\'XuP.DO/mU_fWH\npj,Fo~\'=6Ԋ)XZ?9}9V\\zVF90\'&&	c)X!w_\0\0\0\0PK\0\0\0\0\0!\0^Y\0\0\0\0\0docProps/app.xml (\0\0\0\0\0\0\0\0\0\0\0\0\0\0\0\0\0\0\0\0\0\0\0\0\0\0\0\0\0\0\0\0\0\0\0\0\0\0\0\0\0\0\0\0\0\0\0\0\0\0\0\0\0\0\0\0\0\0\0\0\0\0\0\0\0\0\0\0\0\0\0\0\0\0\0\0\0\0\0\0\0\0\0\0\0\0\0\0\0\0\0\0\0\0\0\0\0\0\0\0\0\0\0\0\0\0\0\0\0\0\0\0\0\0\0\0\0\0\0\0\0\0\0\0\0\0\0\0\0\0\0\0\0\0\0\0\0\0\0\0\0\0\0\0\0\0\0\0\0\0\0\0\0\0\0\0\0\0\0\0\0\0\0\0\0\0\0\0\0\0\0\0\0\0\0\0\0\0\0\0\0\0\0\0\0\0\0\0\0\0\0\0\0\0\0\0\0\0\0\0\0\0\0\0\0\0\0\0\0\0\0\0\0\0\0\0\0\0\0\0\0\0\0\0\0\0\0\0\0\0\0\0\0\0\0\0\0\0\0\0\0\0\0\0\0\0\0\0\0\0\0\0\0\0\0\0\0Mo09mQbHWbvgNc$Ovڍ/^>+zLdrQ	J<.?|\r.xIOjB*2ǕdZs	i4}0ozWey+k/PL״fࣗ1f`ίO֤@	-:%29hޒ.jk:\r8B%?\naXl\"z^h8쯼+Q=$3 1v8!RȤdL1k籽Qs`09βCl ?sap4s7>9O{wy^TN>cdrɺ]wc8vQ^_g5%?Z\0\0\0PK-\0\0\0\0\0\0!\0bh^\0\0\0\0\0\0\0\0\0\0\0\0\0\0\0\0\0\0\0\0\0[Content_Types].xmlPK-\0\0\0\0\0\0!\0U0#\0\0\0L\0\0\0\0\0\0\0\0\0\0\0\0\0\0\0\0\0_rels/.relsPK-\0\0\0\0\0\0!\0q\"\0\0\0\0\0\0\0\0\0\0\0\0\0\0\0\0\0\0\0xl/workbook.xmlPK-\0\0\0\0\0\0!\0>\0\0\0\0\0\Z\0\0\0\0\0\0\0\0\0\0\0\0\0t\n\0\0xl/_rels/workbook.xml.relsPK-\0\0\0\0\0\0!\0X_\0\0\0\0\0\0\0\0\0\0\0\0\0\0\0\0\0\0\0xl/worksheets/sheet1.xmlPK-\0\0\0\0\0\0!\0`A\0\0\"\0\0\0\0\0\0\0\0\0\0\0\0\0\0\0<#\0\0xl/theme/theme1.xmlPK-\0\0\0\0\0\0!\0b D\0\0	\0\0\r\0\0\0\0\0\0\0\0\0\0\0\0\0%+\0\0xl/styles.xmlPK-\0\0\0\0\0\0!\0\0\0P-\0\0\0\0\0\0\0\0\0\0\0\0\0\0\0J.\0\0xl/sharedStrings.xmlPK-\0\0\0\0\0\0!\0\ZQ\0\0\0\0\0\0\0\0\0\0\0\0\0\0\0\0\06\0\0docProps/core.xmlPK-\0\0\0\0\0\0!\0^Y\0\0\0\0\0\0\0\0\0\0\0\0\0\0\0\0\08\0\0docProps/app.xmlPK\0\0\0\0\n\0\n\0\0\0g;\0\0\0\0'),
(43,	'63c1b3b8-7617-47d0-a8b3-ecc1ea918320',	'PK\0\0\0\0\0!\0bh^\0\0\0\0\0[Content_Types].xml (\0\0\0\0\0\0\0\0\0\0\0\0\0\0\0\0\0\0\0\0\0\0\0\0\0\0\0\0\0\0\0\0\0\0\0\0\0\0\0\0\0\0\0\0\0\0\0\0\0\0\0\0\0\0\0\0\0\0\0\0\0\0\0\0\0\0\0\0\0\0\0\0\0\0\0\0\0\0\0\0\0\0\0\0\0\0\0\0\0\0\0\0\0\0\0\0\0\0\0\0\0\0\0\0\0\0\0\0\0\0\0\0\0\0\0\0\0\0\0\0\0\0\0\0\0\0\0\0\0\0\0\0\0\0\0\0\0\0\0\0\0\0\0\0\0\0\0\0\0\0\0\0\0\0\0\0\0\0\0\0\0\0\0\0\0\0\0\0\0\0\0\0\0\0\0\0\0\0\0\0\0\0\0\0\0\0\0\0\0\0\0\0\0\0\0\0\0\0\0\0\0\0\0\0\0\0\0\0\0\0\0\0\0\0\0\0\0\0\0\0\0\0\0\0\0\0\0\0\0\0\0\0\0\0\0\0\0\0\0\0\0\0\0\0\0\0\0\0\0\0\0\0\0\0\0\0\0\0\0\0\0\0\0\0\0\0\0\0\0\0\0\0\0\0\0\0\0\0\0\0\0\0\0\0\0\0\0\0\0\0\0\0\0\0\0\0\0\0\0\0\0\0\0\0\0\0\0\0\0\0\0\0\0\0\0\0\0\0\0\0\0\0\0\0\0\0\0\0\0\0\0\0\0\0\0\0\0\0\0\0\0\0\0\0\0\0\0\0\0\0\0\0\0\0\0\0\0\0\0\0\0\0\0\0\0\0\0\0\0\0\0\0\0\0\0\0\0\0\0\0\0\0\0\0\0\0\0\0\0\0\0\0\0\0\0\0\0\0\0\0\0\0\0\0\0\0\0\0\0\0\0\0\0\0\0\0\0\0\0\0\0\0\0\0\0\0\0\0\0\0\0\0\0\0\0\0\0\0\0\0\0\0\0\0\0\0\0\0\0\0\0\0\0\0\0\0\0\0\0\0\0\0\0\0\0\0\0\0\0\0\0\0\0\0\0\0\0\0\0\0\0\0\0\0\0\0\0\0\0\0\0\0\0\0\0\0\0\0\0\0\0\0\0\0\0\0\0\0\0\0\0\0\0N0EHC-Jܲ@5*Q>ēƪc[iiBj7{2hnmƻRU^7/%rZY@1__f\0qR4DAJ\Zh>VƹZ9NV8ʩji){^-I\"{v^P!XS)bRrKs(3`c07M4\ZZƐk+|\\|z(P6h_-[@!\0Pk2n}?L %ddN\"m,ǞDO97*~ɸ8Oc|nEB!$};{[2\0\0\0PK\0\0\0\0\0!\0U0#\0\0\0L\0\0\0_rels/.rels (\0\0\0\0\0\0\0\0\0\0\0\0\0\0\0\0\0\0\0\0\0\0\0\0\0\0\0\0\0\0\0\0\0\0\0\0\0\0\0\0\0\0\0\0\0\0\0\0\0\0\0\0\0\0\0\0\0\0\0\0\0\0\0\0\0\0\0\0\0\0\0\0\0\0\0\0\0\0\0\0\0\0\0\0\0\0\0\0\0\0\0\0\0\0\0\0\0\0\0\0\0\0\0\0\0\0\0\0\0\0\0\0\0\0\0\0\0\0\0\0\0\0\0\0\0\0\0\0\0\0\0\0\0\0\0\0\0\0\0\0\0\0\0\0\0\0\0\0\0\0\0\0\0\0\0\0\0\0\0\0\0\0\0\0\0\0\0\0\0\0\0\0\0\0\0\0\0\0\0\0\0\0\0\0\0\0\0\0\0\0\0\0\0\0\0\0\0\0\0\0\0\0\0\0\0\0\0\0\0\0\0\0\0\0\0\0\0\0\0\0\0\0\0\0\0\0\0\0\0\0\0\0\0\0\0\0\0\0\0\0\0\0\0\0\0\0\0\0\0\0\0\0\0\0\0\0\0\0\0\0\0\0\0\0\0\0\0\0\0\0\0\0\0\0\0\0\0\0\0\0\0\0\0\0\0\0\0\0\0\0\0\0\0\0\0\0\0\0\0\0\0\0\0\0\0\0\0\0\0\0\0\0\0\0\0\0\0\0\0\0\0\0\0\0\0\0\0\0\0\0\0\0\0\0\0\0\0\0\0\0\0\0\0\0\0\0\0\0\0\0\0\0\0\0\0\0\0\0\0\0\0\0\0\0\0\0\0\0\0\0\0\0\0\0\0\0\0\0\0\0\0\0\0\0\0\0\0\0\0\0\0\0\0\0\0\0\0\0\0\0\0\0\0\0\0\0\0\0\0\0\0\0\0\0\0\0\0\0\0\0\0\0\0\0\0\0\0\0\0\0\0\0\0\0\0\0\0\0\0\0\0\0\0\0\0\0\0\0\0\0\0\0\0\0\0\0\0\0\0\0\0\0\0\0\0\0\0\0\0\0\0\0\0\0\0\0\0\0\0\0\0\0\0\0\0\0\0\0\0\0\0\0\0\0\0\0\0\0\0\0\0\0\0\0\0\0\0\0\0\0\0\0\0MO0HݐBKwAH!T~I$ݿ\'T\ZG~<!4;#wqu*&rFqvGJy(v*K#FD.W\Z	=ZMYbBS7ϛז\r?9Lҙsbgٮ|l!\ZUSh9ibr:\"y_dlD|-NR\"42G%Z4˝y7	ëɂ\0\0\0PK\0\0\0\0\0!\0q\"\0\0\0\0\0\0\0xl/workbook.xmlU]o8}_iݵL R;L4r)l\0IRUFFğs=\\~ՕaB1\rd</eiHEVaSI.\\9_\0ȩY(ˬ`5e\r쬸x²`L	qM#ZyլQ{*,Vhuv\\MźkQ ˪T=iYppA+p{gyN\"IurT]fKR\0Ow!؝<$)uAV/Y ^+hޑm.We5h~Te\Z*K9)߲wk`\"6xv0r] ~jvі RL4T9oׯjǞn,?])|f}TF\'Hpox.a%y\'$ fExXR*ŭL7DL3ߏx!AJ0!Ywtʾ܌qGoob2N;U1?ٺa\"AW翐f=}ɶU8zj&ޕanmP檘h|*P|BJ<Dqs#4Ix=7th%q\\qXq[}2ZeP\rP }}jv	=zK$Fcױ܍%qy:7d_,*Rl\r_[ETϷd#o(\"ךE8y⥯d^Qcܿͨ|u@a/E3sxgw}4N4Yޜi{,>\Z7Qo._À>e\0\0\0PK\0\0\0\0\0!\0>\0\0\0\0\0\Z\0xl/_rels/workbook.xml.rels (\0\0\0\0\0\0\0\0\0\0\0\0\0\0\0\0\0\0\0\0\0\0\0\0\0\0\0\0\0\0\0\0\0\0\0\0\0\0\0\0\0\0\0\0\0\0\0\0\0\0\0\0\0\0\0\0\0\0\0\0\0\0\0\0\0\0\0\0\0\0\0\0\0\0\0\0\0\0\0\0\0\0\0\0\0\0\0\0\0\0\0\0\0\0\0\0\0\0\0\0\0\0\0\0\0\0\0\0\0\0\0\0\0\0\0\0\0\0\0\0\0\0\0\0\0\0\0\0\0\0\0\0\0\0\0\0\0\0\0\0\0\0\0\0\0\0\0\0\0\0\0\0\0\0\0\0\0\0\0\0\0\0\0\0\0\0\0\0\0\0\0\0\0\0\0\0\0\0\0\0\0\0\0\0\0\0\0\0\0\0\0\0\0\0\0\0\0\0\0\0\0\0\0\0\0\0\0\0\0\0\0\0\0\0\0\0\0\0\0\0\0\0\0\0\0\0\0\0\0\0\0\0\0\0\0\0\0\0\0\0\0\0\0\0\0\0\0\0\0\0\0\0\0\0\0\0\0RMK00wvt/\"Uɴ)&!3~*]XK/oyv5+zl;obGs>,8(%\"D҆4j0u2jsMY˴S쭂 )fCy	I<\ry\0!+EfMykK5=|t G)s墙UtB),f\0\0\0\0PK\0\0\0\0\0!\0X_\0\0\0\0\0\0\0xl/worksheets/sheet1.xmlێ0+,ߓ+`w۽n\"mتޱ!Jq3oeM^AhD3ߟ:%Ʋbj`@w`FY\0XU/@24ddo<4+\r\"YId{BoaLpxP|-{YobeZ$Õ\\!b*jawJQMk{gOWڦZ5ý{a/dH&L\Z^;*yJNsZTg\\dQ>J䱈:Y:Ecvltدh\r(.?%YFaOOs&M_nĔ)%_8s8/n$îRK{FaǸ̌[\n[b~{3nF£uɏWMDտDeT0c~S w\"7ce{\0qLpU#Gɶ>nȻ\0\\%S0I8*%|mmnz<+R<P/x)+R[itfbiqrjumx[^9Nq?<-N=KA?\0\0\0\0\0\0E_Evz\rY@fv^CP8?b$oNȭ6]1Ey{/_=>}oo߿^}_Nߦ9~_o\'/;|__5,KM?:ϖ-?#\'kdh&g	J`%ZL9\'1\'1#?q&C3\0͉\0͉ixo\"D~?`wi<\r`3u6癍xvg	$\"H-\r@͐m@c9\0A=DE@K	:h4g6j8	! A@<\\ŖK3Wr#܅9\0]%@Kd\0=\0f	.ϑ\0G  .Z\"O@aD0,F[C=2I8Nځ)nfv	[&;!2jO	A--P۠Q{On9@yL\0wCdom13%1y>{l4t\Zd/iHaPxAԒꨊhX^Y2i2~m1f0\'|Gй{QnPh\"àmu]yrWQs2|@5:BT^֭WQK%Hz|$=Hhg{Jz][**c=Iأ	lJz][*Jc=Iا	-lJz]Z{8QG9z`\'\\epc|l|i3z`z`\0\n@dTŘ7_V1P	P,@J3f>P*f\0\n2Y&9aP	3cfP	3o3KtθFgꌋt\"àf.̠f*f\0\n,@Ze(\\0s1fXo3a\0Kv	p20ʸ3k9b-fnfnf.2J;A򨊙7e(4sPh\"à+bQV1h	-@J13(f>xy(4sPhh\"CTo=1ff6n}{8&r=+	h#n\\fuv*f^yfn\0\n2pG%\\;ʛ֫~1X2e(4saP	3cfPzy[ojn!Ojnn!jrBt%\\\rw\"{B깅\"+s\"V	?W&V}{\nB\Z\"+Tt\"V	EW&V^GUEBw_-XP-X\\!Lt5lb\\=XXƿ7EVPeY%D]\rXyQ+pƹ\"+TuEV2M~z#+ڧvUsVa\\\nT-T\rY\r	0t7\ruwEVh*s,հUbˡb=P-Y[(BiW!bv5lbXN?TZ\"+vEV*DޮMPVf\nw-XᎵ\nĢ=-Y[(BoW!bv9lٚ+~PG-Y[(BoW!bv9ldXZ?T-Xᶻ+ܺP!bv9ld}ࢇ0w7EVUX%]\rv5C{Y\n<je\"*RUT4eǊ0BePl+TEV*m2J\rjlhQX+܁wP`*D[`԰Ub̱=}{nP,Y2Jh\Z6Jh=P,Y2X(BeP!bv5lb}0+\nBq,X~=\"V	mW&V^ph{+ڰgvY(e\"V	mW&V0Ǌ0Y2UTX%]\rX%ۏmadE0pdE lD B*jk`XVsBmݳP+ڻB*j*/XFV`ȊA(!	o_/mcTFV,\nATYac_}맊0BgP`E{,X&>\"V	oW&VS{X.>EV`\nTX%]\rX%Ȝ*\n,]B:\na+=U:b_3X(BgP!bv5lbXn?UWY(=wVB*j*MTFV,Y3Jx\Z6Jx=_n_nC+5lbS{Y3޿UpChʐ_=*pdpB9+y{%gHxk}6\\FVلb_\"R+1lZf6oad[,Y\"V!B*b*犷0,X޿\"+Q\"Ĭ.ͬ~x{#+\\Pdn\n]UŰչ=-Z(Bg!fv1lfs{Y3X(n[(\rbV	ofVs{XƛB_,Y|%]/-a3+Ȋ+hb%o櫄ې6JYyo<<WWgb[t%ҩbԌ*状0j0]љV)C	Ev1lf~h{+:B	W,Ql%BJeŨ	՚ٰK{QleV8[Y(JUŰU/kad_F}Ų8]Y0kt2WӴqaXeQ۷qP+,jWYT.}K{6Z(BPd+2\"Ĭ.ͬ~X{#+\\Pd+2pEFUŰUbRFV\"c\nWd,X^ʇ1j6JXb=p#Bn[(\"gHX(Dpİ*åb=j;hxJ9CBE!fXm_/m`E/l@ƛb_3v<a!bW^ma+yP`$\n}$\"Dʠ_a5W׊0\'I\"+|*B*b*׊0\'I\"+vbVv1lf~x{#+v8x0B|Jx6>%sx{+zP+zPd B*b{hnxu[y`\n,Y3Jx6Jx=},Y+bV	ofV	oV,YQ	h1*o,ɬWZFTx䣅B[]pB.3Jas[%VۯmadpB.3Jh6>38VzY|7c}__B\\3\'.Ұ/:Q᝸	[hCߧ#J멍Nk3:rIEf*%%$~\Z?Wb+ٍk\"3%F`0KlٽV|~NL;DWnzZR~Q),!jZ?XڽV~N#3<=\']Rٞ6`{5vo@w,{V\"3ԋ%_`|5v,fZ[:8tZpά;NA:˚-)Tgن@u*/a@u\nk:\")/f<=:osrnJmn̶|]oT|ݻ:sk:o3bsΰ{u_K3gu%߻{Oΰ݋o2u3gڔLa?dٽt#SguY_893a?7\ZdOs?M=y=SףҹNi~^:y=d\0jp~_~vf3gw(n+c3uSLL6Lz0#;03a?C2u;-.Qg=	SҜSҸMf<~v\'peٝN3gwrSΰݩF:Cp\'dٝ3gwRLΰ)*:	)ԇLN;\"SgԆLa?\r2uퟩ3gMLa?og}:Sgŉ:77o3u쾕3gLa?o3f}/Sg[p:~vTΰW2uv~}\'%Sg\Z:~~OypuJ\\ypuJ}\\ao篾5\Zۏu)]۫3g1Sgn_p~v2us7}s=Q\\~!Su3\ry{<י\'8鈛RQ?Oɔgܙ\ZtMi<~nf\\6|>o/]#h_ΰu\r/=f3/?a?JӲwh=y7Vz>8x*sOuDY|\r9SD]<ND]iSg{ý{Zz>؆[yzXNK:sSz>؆[6|>4^F{1|>xFͽ63_~7J#܇y}\')=l热|pN~.=lJASu˗oO>}\0\0\0\0\0\0DQ\n0Dl i/uݲYBoc3I+\\E;4ςP7`l;H7/q\\\nd\ni{8#SnOwVR\"$vfJ\"R\0\0\0PK\0\0\0\0\0!\0`A\0\0\"\0\0\0\0\0xl/theme/theme1.xmlZ͏@]{a9Ч7z]HI^p@R+\nKiKz(h1`#M<rFኊ@bw/3=7s\"$I\"ɌizO&JCRdOH[}r OzRA*g0~[pcbY|	zcV\r}Y1M<>Z,茠V(1M3&δjbI<&f]	RbX*ϫ޻[S{dKrc)(l׃~`j7j><iƥ3h4vcKҡ\nj694ao@3;aPo{~,e>7|l,8;t;ͦ\ZѰ.=ł\'j_c\0h Ê&HS3^DC*SJq%a@po,.Ik^Di>HMU{\0Z7߼xy/e2U!New_ɍeշzXj)^W_/_:\ZN%zcx@c\n?IL\"L-	nꑊ,\Z3Ol>e\\g׳Hu0-1υ\0\\%OV=Xq1p=*J]*h2($	QH	q<gZv=3%_(E}L&ЩH!/kApe㧨ϙ멇F²A~BexpR91+El-feH*0Fs\"K摀-9!t1[6R(zy9/#|8urIT~*!D1:?\nuSJ,w><WTe%Ol+Dleמ诖Vh%|`e!qlǪO2I5)J+dȒsx8اnTbtPxfe	iGt{OiKKw7Yc.t]$73k\"`&#WW)m(z\'늟,yjVK/^r~Sn-mnKٷoۂ涠q}a)Z=,(cgjȑ4	51iLniy` o\"B(0]̥U/%J6TrMi>c>ڝg&X~\ZO8TnAoCݰ]V놀	d6Dk3\Zs~Xt,ZU;\0j[{7רg#5\\)sƻ9\0]Ow4׽.7E8%+)doyt?p7upEOb\Z\n\ZN\"rKʙ%xC3v2N!x~l	/3%6%R\r2\'hoÁ%&d:tB~i붗bAf҈tv)>K_ۃ$_Ϣ%x!\Z@{wN%ök;SC\"cF8R<\reKmmP˟kR~֖+NiZiEolvbXezlsxD̢aQ{JOsݶo;Ħ4og|NW,;f	ܙ2=ƷS>_Lf&.JT,_uU9y5@VVYقzEk-nMkE[]mNunf˞ڤac)ڵ\"9;r/+WpVv^}6U굺_i7zJѨF@OEqȾ|i[?o ́ם|P57@o @+*aЬanzA=ش0?Ǎ\0\Z^64ۣ~8F|ss[uG\0\0\0\0PK\0\0\0\0\0!\0b D\0\0	\0\0\r\0\0\0xl/styles.xmlV[k0~?8K451h{Ul9Jtť:GwsI|H6\\g>FLj﷙7ƨTThe5>O?~kfŘE\0IZ))ԂhE.IABIT\"[W^eE-_pH҆.Pm!QL\Z7jّ<7֥=\\˒1	\0uHADy%Ґ.}8KlrV6 B0Sdxw*{4&id|I_%\\l;u̜\0`o`ђ\rtE\ZCuXfTڭoԅBimF5m\nh}]d;U\ZVZp}wJӥVToN΄q|ݔHe&u`hS-;Np};/EMyv\0&uhU+KWt!RI֩*J~G]L|ށSp̝Sb>4g)vOIِ{N>abͅ̢96lZ7ڧ``%]{{Lq|-!SF\"g.#g5s\rO:|}̯7țD\r/gy6Cwoa.Nkݑ9:mVv$Q{ሎhyYpveQ{ʙ 覷#M-Lp>C}-$	Ŀ8A V\0\0\0\0PK\0\0\0\0\0!\0\0\0P-\0\0\0\0\0xl/sharedStrings.xmlZmoUn\';3wL[L\rФbwk |JQ$A (/%s/̜Kٻ3ϙ6sYYξV?:`x~|?	l4^^X\\^;Fs77\Z3;w.Ǘ?vG/\rVGC_.vGFr7w,.\r;xS栻>\\j}hianv܍{qq+e^;7wꭸgYA/wŇY)2<_+&>DFzrcr5܋ɵɕO:xodr\r7ƗI|_/\'7Og evtDj{<Uv= >\"T_?*>17AF|[d쟏õO4}_=\\P6;׸Ay;	cp8{q5\'4yILh#dN93nN|\0>t6Dnk@A@d[&萵ǻTAҖEl\"L#}+\nFĸvD(y7Lg+><$d\\Y$l{Ii7D=I	>m!\nd&[dc	*9W{.C?MKĎ] $\\|mS0iʛH,ᨼy߫(=Estr9ڜB= *}{C NRw@eS֜E:l聩Ps0vE8:NRm]X-soC]{*j\nZLrTsIU\nAj(@QIBѹZ)I4!: YG2;NJV\"Ump@)ɥaNP{kCI\nsҟXT4!E V2P(3pkndT\\Rӓ%oJ@p;U#ӧsP2Ω;~j̧>=|$\'f\Zff,ԓ\\JlmZ06NWNYE\Z\rGIR#2!IAT[W\'K^yD)4eU	i0y%GSUgFjhG\r3&h{;g2VAix[hDʠ(9bUg\r$xeœ؃TsJ6(	gkm	-iF\\sR.~g2G-V[<[d/+:V-/*bdj+3@G\0i\\Tux*V@ңUOh(Z,@/Um+:֕R[u Yl*%r8\'ʺsePGLUO\r5Tmu-C~߳zZmx!s5NKKޒ6񦖫\0ffl-G{6zJԘɶ4ڒlt#y1^)\rK,捚n0n]&m00LIWٸ5J&Rԫ:m]S۪?IYJ<kc\"LH*W!ɝ+Òtp s:C\0A|v-(i\n4H`dTI#:oʡ8H86<Vz/8h/\\.w&d֩U)؋YP#^Q[!U^|m-!\06x!\n=\"Z\\[;ΣFԍ3Bͧqc`<DlckC`j Eұ|jҡe\"u%.Xv\0u__M*{*\0V=8,,=jƅ>+}q8s+rC,CR|!m?3⽭\"ǰ\'s^X[n[禷,vE\0۫TQeN-I\Z^\0\0\0PK\0\0\0\0\0!\0\ZQ\0\0\0\0\0docProps/core.xml (\0\0\0\0\0\0\0\0\0\0\0\0\0\0\0\0\0\0\0\0\0\0\0\0\0\0\0\0\0\0\0\0\0\0\0\0\0\0\0\0\0\0\0\0\0\0\0\0\0\0\0\0\0\0\0\0\0\0\0\0\0\0\0\0\0\0\0\0\0\0\0\0\0\0\0\0\0\0\0\0\0\0\0\0\0\0\0\0\0\0\0\0\0\0\0\0\0\0\0\0\0\0\0\0\0\0\0\0\0\0\0\0\0\0\0\0\0\0\0\0\0\0\0\0\0\0\0\0\0\0\0\0\0\0\0\0\0\0\0\0\0\0\0\0\0\0\0\0\0\0\0\0\0\0\0\0\0\0\0\0\0\0\0\0\0\0\0\0\0\0\0\0\0\0\0\0\0\0\0\0\0\0\0\0\0\0\0\0\0\0\0\0\0\0\0\0\0\0\0\0\0\0\0\0\0\0\0\0\0\0\0\0\0\0\0\0\0\0\0\0\0\0\0\0\0\0\0\0\0\0\0\0\0\0\0\0\0\0\0\0\0\0\0\0\0\0\0\0\0\0\0\0\0\0\0\0\0QO0MP`nN,Q\'8ifВNo\r131>s9Mg>*#QBMF^sJ<L	Vh9Y~}*+=GR*#[kR[(Ρ֦d}\r߱\r8\'6@GV{S\0)PH ^_Ze,=V)-x\'XuP.DO/mU_fWH\npj,Fo~\'=6Ԋ)XZ?9}9V\\zVF90\'&&	c)X!w_\0\0\0\0PK\0\0\0\0\0!\0^Y\0\0\0\0\0docProps/app.xml (\0\0\0\0\0\0\0\0\0\0\0\0\0\0\0\0\0\0\0\0\0\0\0\0\0\0\0\0\0\0\0\0\0\0\0\0\0\0\0\0\0\0\0\0\0\0\0\0\0\0\0\0\0\0\0\0\0\0\0\0\0\0\0\0\0\0\0\0\0\0\0\0\0\0\0\0\0\0\0\0\0\0\0\0\0\0\0\0\0\0\0\0\0\0\0\0\0\0\0\0\0\0\0\0\0\0\0\0\0\0\0\0\0\0\0\0\0\0\0\0\0\0\0\0\0\0\0\0\0\0\0\0\0\0\0\0\0\0\0\0\0\0\0\0\0\0\0\0\0\0\0\0\0\0\0\0\0\0\0\0\0\0\0\0\0\0\0\0\0\0\0\0\0\0\0\0\0\0\0\0\0\0\0\0\0\0\0\0\0\0\0\0\0\0\0\0\0\0\0\0\0\0\0\0\0\0\0\0\0\0\0\0\0\0\0\0\0\0\0\0\0\0\0\0\0\0\0\0\0\0\0\0\0\0\0\0\0\0\0\0\0\0\0\0\0\0\0\0\0\0\0\0\0\0\0\0\0Mo09mQbHWbvgNc$Ovڍ/^>+zLdrQ	J<.?|\r.xIOjB*2ǕdZs	i4}0ozWey+k/PL״fࣗ1f`ίO֤@	-:%29hޒ.jk:\r8B%?\naXl\"z^h8쯼+Q=$3 1v8!RȤdL1k籽Qs`09βCl ?sap4s7>9O{wy^TN>cdrɺ]wc8vQ^_g5%?Z\0\0\0PK-\0\0\0\0\0\0!\0bh^\0\0\0\0\0\0\0\0\0\0\0\0\0\0\0\0\0\0\0\0\0[Content_Types].xmlPK-\0\0\0\0\0\0!\0U0#\0\0\0L\0\0\0\0\0\0\0\0\0\0\0\0\0\0\0\0\0_rels/.relsPK-\0\0\0\0\0\0!\0q\"\0\0\0\0\0\0\0\0\0\0\0\0\0\0\0\0\0\0\0xl/workbook.xmlPK-\0\0\0\0\0\0!\0>\0\0\0\0\0\Z\0\0\0\0\0\0\0\0\0\0\0\0\0t\n\0\0xl/_rels/workbook.xml.relsPK-\0\0\0\0\0\0!\0X_\0\0\0\0\0\0\0\0\0\0\0\0\0\0\0\0\0\0\0xl/worksheets/sheet1.xmlPK-\0\0\0\0\0\0!\0`A\0\0\"\0\0\0\0\0\0\0\0\0\0\0\0\0\0\0<#\0\0xl/theme/theme1.xmlPK-\0\0\0\0\0\0!\0b D\0\0	\0\0\r\0\0\0\0\0\0\0\0\0\0\0\0\0%+\0\0xl/styles.xmlPK-\0\0\0\0\0\0!\0\0\0P-\0\0\0\0\0\0\0\0\0\0\0\0\0\0\0J.\0\0xl/sharedStrings.xmlPK-\0\0\0\0\0\0!\0\ZQ\0\0\0\0\0\0\0\0\0\0\0\0\0\0\0\0\06\0\0docProps/core.xmlPK-\0\0\0\0\0\0!\0^Y\0\0\0\0\0\0\0\0\0\0\0\0\0\0\0\0\08\0\0docProps/app.xmlPK\0\0\0\0\n\0\n\0\0\0g;\0\0\0\0');

-- 2025-06-12 10:17:37
