{
  "answers": {
    "phase": "design",
    "action": "design decision",
    "scope": "uml class",
    "action experience": 2,
    "target": "n/a",
    "aimodel": "claude 3.7 sonnet",
    "tool option": "online free",
    "experience with tool": 2,
    "time allocated (h)": "0.5",
    "time saved estimate (h)": "1",
    "quality of ai help": 4,
    "knowledge acquired": 2,
    "generic feeling - now": 2,
    "generic feeling - future": 2,
    "threat level": 0,
    "notes": "Very useful conversation for an overview of data handling and corrections on the class diagram."
  }
}