{
  "answers": {
    "phase": "architecture",
    "action": "architectural decision",
    "scope": "uml component",
    "action experience": 3,
    "target": "microservices",
    "aimodel": "claude 3.7 sonnet",
    "tool option": "online free",
    "experience with tool": 2,
    "time allocated (h)": "0.5",
    "time saved estimate (h)": "0",
    "quality of ai help": 2,
    "knowledge acquired": 1,
    "generic feeling - now": 2,
    "generic feeling - future": 2,
    "threat level": 0,
    "notes": ""
  }
}