{
  "answers": {
    "phase": "architecture",
    "action": "architectural style selection",
    "scope": "uml component",
    "action experience": 1,
    "target": "microservices",
    "aimodel": "deepseek R1",
    "tool option": "online free",
    "experience with tool": 2,
    "time allocated (h)": "2",
    "time saved estimate (h)": "2",
    "quality of ai help": 2,
    "knowledge acquired": 1,
    "generic feeling - now": 1,
    "generic feeling - future": 2,
    "threat level": 1,
    "notes": "Χρήσιμες προτάσεις για προσχέδιο αρχιτεκτονικής."
  }
}