{
  "answers": {
    "phase": "coding",
    "action": "code management",
    "scope": "backend",
    "action experience": 3,
    "target": "js / node",
    "aimodel": "chatgpt 4o",
    "tool option": "online full",
    "experience with tool": 5,
    "time allocated (h)": "2",
    "time saved estimate (h)": "3",
    "quality of ai help": 3,
    "knowledge acquired": 2,
    "generic feeling - now": 4,
    "generic feeling - future": 5,
    "threat level": 2,
    "notes": "It gave me some code for statistics microservice but didnt like it, i used some part of its code and write the rest myself"
  }
}