{
  "answers": {
    "phase": "coding",
    "action": "code management",
    "scope": "backend",
    "action experience": 3,
    "target": "js / node",
    "aimodel": "chatgpt 4o",
    "tool option": "online full",
    "experience with tool": 5,
    "time allocated (h)": "3",
    "time saved estimate (h)": "5",
    "quality of ai help": 5,
    "knowledge acquired": 4,
    "generic feeling - now": 4,
    "generic feeling - future": 5,
    "threat level": 4,
    "notes": "Helped me make Grades microservice"
  }
}