{
  "answers": {
    "phase": "coding",
    "action": "source code authoring",
    "scope": "backend",
    "action experience": 1,
    "target": "js / node",
    "aimodel": "deepseek R1",
    "tool option": "online free",
    "experience with tool": 2,
    "time allocated (h)": "1.5",
    "time saved estimate (h)": "1",
    "quality of ai help": 4,
    "knowledge acquired": 1,
    "generic feeling - now": 1,
    "generic feeling - future": 3,
    "threat level": 1,
    "notes": "Δοκιμαστική δημιουργία μικρουπηρεσιών για επιλογή tech stack."
  }
}