{
  "answers": {
    "phase": "coding",
    "action": "source code authoring",
    "scope": "backend",
    "action experience": 2,
    "target": "js / node",
    "aimodel": "claude 3.7 sonnet",
    "tool option": "online free",
    "experience with tool": 2,
    "time allocated (h)": "0.5",
    "time saved estimate (h)": "0.48",
    "quality of ai help": 2,
    "knowledge acquired": 1,
    "generic feeling - now": 1,
    "generic feeling - future": 2,
    "threat level": 0,
    "notes": ""
  }
}