{
  "answers": {
    "phase": "architecture",
    "action": "architectural decision",
    "scope": "uml component",
    "action experience": 2,
    "target": "microservices",
    "aimodel": "deepseek R1",
    "tool option": "online free",
    "experience with tool": 2,
    "time allocated (h)": "1",
    "time saved estimate (h)": "2",
    "quality of ai help": 3,
    "knowledge acquired": 2,
    "generic feeling - now": 2,
    "generic feeling - future": 3,
    "threat level": 1,
    "notes": "Διευκρινιστικές ερωτήσεις για την παροχή πιστοποίησης στην εφαρμογή."
  }
}